data,ClinicalSignificance,PhenotypeIDS,PhenotypeList,Type,HGNC_ID,WTpSeq,WTcSeq,Mutation,MUTpSeq
NM_000207.3(INS):c.147C>G (p.Phe49Leu),Pathogenic,"MONDO:MONDO:0014535,MedGen:C0342283,OMIM:616214",Hyperproinsulinemia,single nucleotide variant,HGNC:6081,MALWMRLLPLLALLALWGPDPAAAFVNQHLCGSHLVEALYLVCGERGFFYTPKTRREAEDLQVGQVELGGGPGAGSLQPLALEGSLQKRGIVEQCCTSICSLYQLENYCN,agccctccaggacaggctgcatcagaagaggccatcaagcagatcactgtccttctgccatggccctgtggatgcgcctcctgcccctgctggcgctgctggccctctggggacctgacccagccgcagcctttgtgaaccaacacctgtgcggctcacacctggtggaagctctctacctagtgtgcggggaacgaggcttcttctacacacccaagacccgccgggaggcagaggacctgcaggtggggcaggtggagctgggcgggggccctggtgcaggcagcctgcagcccttggccctggaggggtccctgcagaagcgtggcattgtggaacaatgctgtaccagcatctgctccctctaccagctggagaactactgcaactagacgcagcccgcaggcagccccacacccgccgcctcctgcaccgagagagatggaataaagcccttgaaccagc,F49L,MALWMRLLPLLALLALWGPDPAAAFVNQHLCGSHLVEALYLVCGERGFLYTPKTRREAEDLQVGQVELGGGPGAGSLQPLALEGSLQKRGIVEQCCTSICSLYQLENYCN
NM_000207.3(INS):c.143T>C (p.Phe48Ser),Pathogenic,"MONDO:MONDO:0014535,MedGen:C0342283,OMIM:616214",Hyperproinsulinemia,single nucleotide variant,HGNC:6081,MALWMRLLPLLALLALWGPDPAAAFVNQHLCGSHLVEALYLVCGERGFFYTPKTRREAEDLQVGQVELGGGPGAGSLQPLALEGSLQKRGIVEQCCTSICSLYQLENYCN,agccctccaggacaggctgcatcagaagaggccatcaagcagatcactgtccttctgccatggccctgtggatgcgcctcctgcccctgctggcgctgctggccctctggggacctgacccagccgcagcctttgtgaaccaacacctgtgcggctcacacctggtggaagctctctacctagtgtgcggggaacgaggcttcttctacacacccaagacccgccgggaggcagaggacctgcaggtggggcaggtggagctgggcgggggccctggtgcaggcagcctgcagcccttggccctggaggggtccctgcagaagcgtggcattgtggaacaatgctgtaccagcatctgctccctctaccagctggagaactactgcaactagacgcagcccgcaggcagccccacacccgccgcctcctgcaccgagagagatggaataaagcccttgaaccagc,F48S,MALWMRLLPLLALLALWGPDPAAAFVNQHLCGSHLVEALYLVCGERGSFYTPKTRREAEDLQVGQVELGGGPGAGSLQPLALEGSLQKRGIVEQCCTSICSLYQLENYCN
NM_000207.3(INS):c.100C>G (p.His34Asp),Uncertain significance,"MONDO:MONDO:0014535,MedGen:C0342283,OMIM:616214",Hyperproinsulinemia,single nucleotide variant,HGNC:6081,MALWMRLLPLLALLALWGPDPAAAFVNQHLCGSHLVEALYLVCGERGFFYTPKTRREAEDLQVGQVELGGGPGAGSLQPLALEGSLQKRGIVEQCCTSICSLYQLENYCN,agccctccaggacaggctgcatcagaagaggccatcaagcagatcactgtccttctgccatggccctgtggatgcgcctcctgcccctgctggcgctgctggccctctggggacctgacccagccgcagcctttgtgaaccaacacctgtgcggctcacacctggtggaagctctctacctagtgtgcggggaacgaggcttcttctacacacccaagacccgccgggaggcagaggacctgcaggtggggcaggtggagctgggcgggggccctggtgcaggcagcctgcagcccttggccctggaggggtccctgcagaagcgtggcattgtggaacaatgctgtaccagcatctgctccctctaccagctggagaactactgcaactagacgcagcccgcaggcagccccacacccgccgcctcctgcaccgagagagatggaataaagcccttgaaccagc,H34D,MALWMRLLPLLALLALWGPDPAAAFVNQHLCGSDLVEALYLVCGERGFFYTPKTRREAEDLQVGQVELGGGPGAGSLQPLALEGSLQKRGIVEQCCTSICSLYQLENYCN
NM_000207.3(INS):c.266G>A (p.Arg89His),Conflicting classifications of pathogenicity,"MONDO:MONDO:0014535,MedGen:C0342283,OMIM:616214|MedGen:C3661900|",Hyperproinsulinemia|not provided|INS-related disorder,single nucleotide variant,HGNC:6081,MALWMRLLPLLALLALWGPDPAAAFVNQHLCGSHLVEALYLVCGERGFFYTPKTRREAEDLQVGQVELGGGPGAGSLQPLALEGSLQKRGIVEQCCTSICSLYQLENYCN,agccctccaggacaggctgcatcagaagaggccatcaagcagatcactgtccttctgccatggccctgtggatgcgcctcctgcccctgctggcgctgctggccctctggggacctgacccagccgcagcctttgtgaaccaacacctgtgcggctcacacctggtggaagctctctacctagtgtgcggggaacgaggcttcttctacacacccaagacccgccgggaggcagaggacctgcaggtggggcaggtggagctgggcgggggccctggtgcaggcagcctgcagcccttggccctggaggggtccctgcagaagcgtggcattgtggaacaatgctgtaccagcatctgctccctctaccagctggagaactactgcaactagacgcagcccgcaggcagccccacacccgccgcctcctgcaccgagagagatggaataaagcccttgaaccagc,R89H,MALWMRLLPLLALLALWGPDPAAAFVNQHLCGSHLVEALYLVCGERGFFYTPKTRREAEDLQVGQVELGGGPGAGSLQPLALEGSLQKHGIVEQCCTSICSLYQLENYCN
NM_000207.3(INS):c.274G>T (p.Val92Leu),Uncertain significance,"MONDO:MONDO:0014535,MedGen:C0342283,OMIM:616214|MONDO:MONDO:0030089,MedGen:C5394307,OMIM:618858","Hyperproinsulinemia|Diabetes mellitus, permanent neonatal 4",single nucleotide variant,HGNC:6081,MALWMRLLPLLALLALWGPDPAAAFVNQHLCGSHLVEALYLVCGERGFFYTPKTRREAEDLQVGQVELGGGPGAGSLQPLALEGSLQKRGIVEQCCTSICSLYQLENYCN,agccctccaggacaggctgcatcagaagaggccatcaagcagatcactgtccttctgccatggccctgtggatgcgcctcctgcccctgctggcgctgctggccctctggggacctgacccagccgcagcctttgtgaaccaacacctgtgcggctcacacctggtggaagctctctacctagtgtgcggggaacgaggcttcttctacacacccaagacccgccgggaggcagaggacctgcaggtggggcaggtggagctgggcgggggccctggtgcaggcagcctgcagcccttggccctggaggggtccctgcagaagcgtggcattgtggaacaatgctgtaccagcatctgctccctctaccagctggagaactactgcaactagacgcagcccgcaggcagccccacacccgccgcctcctgcaccgagagagatggaataaagcccttgaaccagc,V92L,MALWMRLLPLLALLALWGPDPAAAFVNQHLCGSHLVEALYLVCGERGFFYTPKTRREAEDLQVGQVELGGGPGAGSLQPLALEGSLQKRGILEQCCTSICSLYQLENYCN
NM_000207.3(INS):c.266G>T (p.Arg89Leu),Pathogenic,"MONDO:MONDO:0014535,MedGen:C0342283,OMIM:616214",Hyperproinsulinemia,single nucleotide variant,HGNC:6081,MALWMRLLPLLALLALWGPDPAAAFVNQHLCGSHLVEALYLVCGERGFFYTPKTRREAEDLQVGQVELGGGPGAGSLQPLALEGSLQKRGIVEQCCTSICSLYQLENYCN,agccctccaggacaggctgcatcagaagaggccatcaagcagatcactgtccttctgccatggccctgtggatgcgcctcctgcccctgctggcgctgctggccctctggggacctgacccagccgcagcctttgtgaaccaacacctgtgcggctcacacctggtggaagctctctacctagtgtgcggggaacgaggcttcttctacacacccaagacccgccgggaggcagaggacctgcaggtggggcaggtggagctgggcgggggccctggtgcaggcagcctgcagcccttggccctggaggggtccctgcagaagcgtggcattgtggaacaatgctgtaccagcatctgctccctctaccagctggagaactactgcaactagacgcagcccgcaggcagccccacacccgccgcctcctgcaccgagagagatggaataaagcccttgaaccagc,R89L,MALWMRLLPLLALLALWGPDPAAAFVNQHLCGSHLVEALYLVCGERGFFYTPKTRREAEDLQVGQVELGGGPGAGSLQPLALEGSLQKLGIVEQCCTSICSLYQLENYCN
NM_000207.3(INS):c.266G>C (p.Arg89Pro),Pathogenic,"MONDO:MONDO:0014535,MedGen:C0342283,OMIM:616214",Hyperproinsulinemia,single nucleotide variant,HGNC:6081,MALWMRLLPLLALLALWGPDPAAAFVNQHLCGSHLVEALYLVCGERGFFYTPKTRREAEDLQVGQVELGGGPGAGSLQPLALEGSLQKRGIVEQCCTSICSLYQLENYCN,agccctccaggacaggctgcatcagaagaggccatcaagcagatcactgtccttctgccatggccctgtggatgcgcctcctgcccctgctggcgctgctggccctctggggacctgacccagccgcagcctttgtgaaccaacacctgtgcggctcacacctggtggaagctctctacctagtgtgcggggaacgaggcttcttctacacacccaagacccgccgggaggcagaggacctgcaggtggggcaggtggagctgggcgggggccctggtgcaggcagcctgcagcccttggccctggaggggtccctgcagaagcgtggcattgtggaacaatgctgtaccagcatctgctccctctaccagctggagaactactgcaactagacgcagcccgcaggcagccccacacccgccgcctcctgcaccgagagagatggaataaagcccttgaaccagc,R89P,MALWMRLLPLLALLALWGPDPAAAFVNQHLCGSHLVEALYLVCGERGFFYTPKTRREAEDLQVGQVELGGGPGAGSLQPLALEGSLQKPGIVEQCCTSICSLYQLENYCN
NM_000207.3(INS):c.287G>A (p.Cys96Tyr),Conflicting classifications of pathogenicity,"MONDO:MONDO:0100164,MedGen:C1833104,OMIM:PS606176,Orphanet:99885|MedGen:C3661900|MONDO:MONDO:0030089,MedGen:C5394307,OMIM:618858|MONDO:MONDO:0016391,MedGen:C0158981,Orphanet:224","Permanent neonatal diabetes mellitus|not provided|Diabetes mellitus, permanent neonatal 4|Neonatal diabetes mellitus",single nucleotide variant,HGNC:6081,MALWMRLLPLLALLALWGPDPAAAFVNQHLCGSHLVEALYLVCGERGFFYTPKTRREAEDLQVGQVELGGGPGAGSLQPLALEGSLQKRGIVEQCCTSICSLYQLENYCN,agccctccaggacaggctgcatcagaagaggccatcaagcagatcactgtccttctgccatggccctgtggatgcgcctcctgcccctgctggcgctgctggccctctggggacctgacccagccgcagcctttgtgaaccaacacctgtgcggctcacacctggtggaagctctctacctagtgtgcggggaacgaggcttcttctacacacccaagacccgccgggaggcagaggacctgcaggtggggcaggtggagctgggcgggggccctggtgcaggcagcctgcagcccttggccctggaggggtccctgcagaagcgtggcattgtggaacaatgctgtaccagcatctgctccctctaccagctggagaactactgcaactagacgcagcccgcaggcagccccacacccgccgcctcctgcaccgagagagatggaataaagcccttgaaccagc,C96Y,MALWMRLLPLLALLALWGPDPAAAFVNQHLCGSHLVEALYLVCGERGFFYTPKTRREAEDLQVGQVELGGGPGAGSLQPLALEGSLQKRGIVEQCYTSICSLYQLENYCN
NM_000207.3(INS):c.71C>A (p.Ala24Asp),Pathogenic/Likely risk allele,"MONDO:MONDO:0100164,MedGen:C1833104,OMIM:PS606176,Orphanet:99885|MONDO:MONDO:0030089,MedGen:C5394307,OMIM:618858|MedGen:C3661900","Permanent neonatal diabetes mellitus|Diabetes mellitus, permanent neonatal 4|not provided",single nucleotide variant,HGNC:6081,MALWMRLLPLLALLALWGPDPAAAFVNQHLCGSHLVEALYLVCGERGFFYTPKTRREAEDLQVGQVELGGGPGAGSLQPLALEGSLQKRGIVEQCCTSICSLYQLENYCN,agccctccaggacaggctgcatcagaagaggccatcaagcagatcactgtccttctgccatggccctgtggatgcgcctcctgcccctgctggcgctgctggccctctggggacctgacccagccgcagcctttgtgaaccaacacctgtgcggctcacacctggtggaagctctctacctagtgtgcggggaacgaggcttcttctacacacccaagacccgccgggaggcagaggacctgcaggtggggcaggtggagctgggcgggggccctggtgcaggcagcctgcagcccttggccctggaggggtccctgcagaagcgtggcattgtggaacaatgctgtaccagcatctgctccctctaccagctggagaactactgcaactagacgcagcccgcaggcagccccacacccgccgcctcctgcaccgagagagatggaataaagcccttgaaccagc,A24D,MALWMRLLPLLALLALWGPDPAADFVNQHLCGSHLVEALYLVCGERGFFYTPKTRREAEDLQVGQVELGGGPGAGSLQPLALEGSLQKRGIVEQCCTSICSLYQLENYCN
NM_000207.3(INS):c.143T>G (p.Phe48Cys),Likely pathogenic/Likely risk allele,"MONDO:MONDO:0100164,MedGen:C1833104,OMIM:PS606176,Orphanet:99885|MONDO:MONDO:0030089,MedGen:C5394307,OMIM:618858|MONDO:MONDO:0016391,MedGen:C0158981,Orphanet:224","Permanent neonatal diabetes mellitus|Diabetes mellitus, permanent neonatal 4|Neonatal diabetes mellitus",single nucleotide variant,HGNC:6081,MALWMRLLPLLALLALWGPDPAAAFVNQHLCGSHLVEALYLVCGERGFFYTPKTRREAEDLQVGQVELGGGPGAGSLQPLALEGSLQKRGIVEQCCTSICSLYQLENYCN,agccctccaggacaggctgcatcagaagaggccatcaagcagatcactgtccttctgccatggccctgtggatgcgcctcctgcccctgctggcgctgctggccctctggggacctgacccagccgcagcctttgtgaaccaacacctgtgcggctcacacctggtggaagctctctacctagtgtgcggggaacgaggcttcttctacacacccaagacccgccgggaggcagaggacctgcaggtggggcaggtggagctgggcgggggccctggtgcaggcagcctgcagcccttggccctggaggggtccctgcagaagcgtggcattgtggaacaatgctgtaccagcatctgctccctctaccagctggagaactactgcaactagacgcagcccgcaggcagccccacacccgccgcctcctgcaccgagagagatggaataaagcccttgaaccagc,F48C,MALWMRLLPLLALLALWGPDPAAAFVNQHLCGSHLVEALYLVCGERGCFYTPKTRREAEDLQVGQVELGGGPGAGSLQPLALEGSLQKRGIVEQCCTSICSLYQLENYCN
NM_000207.3(INS):c.16C>T (p.Arg6Cys),Likely risk allele,"MONDO:MONDO:0013240,MedGen:C3150617,OMIM:613370,Orphanet:552",Maturity-onset diabetes of the young type 10,single nucleotide variant,HGNC:6081,MALWMRLLPLLALLALWGPDPAAAFVNQHLCGSHLVEALYLVCGERGFFYTPKTRREAEDLQVGQVELGGGPGAGSLQPLALEGSLQKRGIVEQCCTSICSLYQLENYCN,agccctccaggacaggctgcatcagaagaggccatcaagcagatcactgtccttctgccatggccctgtggatgcgcctcctgcccctgctggcgctgctggccctctggggacctgacccagccgcagcctttgtgaaccaacacctgtgcggctcacacctggtggaagctctctacctagtgtgcggggaacgaggcttcttctacacacccaagacccgccgggaggcagaggacctgcaggtggggcaggtggagctgggcgggggccctggtgcaggcagcctgcagcccttggccctggaggggtccctgcagaagcgtggcattgtggaacaatgctgtaccagcatctgctccctctaccagctggagaactactgcaactagacgcagcccgcaggcagccccacacccgccgcctcctgcaccgagagagatggaataaagcccttgaaccagc,R6C,MALWMCLLPLLALLALWGPDPAAAFVNQHLCGSHLVEALYLVCGERGFFYTPKTRREAEDLQVGQVELGGGPGAGSLQPLALEGSLQKRGIVEQCCTSICSLYQLENYCN
NM_000207.3(INS):c.137G>A (p.Arg46Gln),Conflicting classifications of pathogenicity,"MONDO:MONDO:0013240,MedGen:C3150617,OMIM:613370,Orphanet:552|MedGen:C3661900|MONDO:MONDO:0030089,MedGen:C5394307,OMIM:618858","Maturity-onset diabetes of the young type 10|not provided|Diabetes mellitus, permanent neonatal 4",single nucleotide variant,HGNC:6081,MALWMRLLPLLALLALWGPDPAAAFVNQHLCGSHLVEALYLVCGERGFFYTPKTRREAEDLQVGQVELGGGPGAGSLQPLALEGSLQKRGIVEQCCTSICSLYQLENYCN,agccctccaggacaggctgcatcagaagaggccatcaagcagatcactgtccttctgccatggccctgtggatgcgcctcctgcccctgctggcgctgctggccctctggggacctgacccagccgcagcctttgtgaaccaacacctgtgcggctcacacctggtggaagctctctacctagtgtgcggggaacgaggcttcttctacacacccaagacccgccgggaggcagaggacctgcaggtggggcaggtggagctgggcgggggccctggtgcaggcagcctgcagcccttggccctggaggggtccctgcagaagcgtggcattgtggaacaatgctgtaccagcatctgctccctctaccagctggagaactactgcaactagacgcagcccgcaggcagccccacacccgccgcctcctgcaccgagagagatggaataaagcccttgaaccagc,R46Q,MALWMRLLPLLALLALWGPDPAAAFVNQHLCGSHLVEALYLVCGEQGFFYTPKTRREAEDLQVGQVELGGGPGAGSLQPLALEGSLQKRGIVEQCCTSICSLYQLENYCN
NM_000207.3(INS):c.163C>T (p.Arg55Cys),Pathogenic/Likely pathogenic/Likely risk allele,"MONDO:MONDO:0007454,MedGen:C1852092,OMIM:125852|MedGen:C3661900|Human Phenotype Ontology:HP:0100651,MONDO:MONDO:0005147,MedGen:C0011854,OMIM:222100|MONDO:MONDO:0015967,MedGen:C3888631,Orphanet:183625",Type 1 diabetes mellitus 2|not provided|Diabetes mellitus type 1|Monogenic diabetes,single nucleotide variant,HGNC:6081,MALWMRLLPLLALLALWGPDPAAAFVNQHLCGSHLVEALYLVCGERGFFYTPKTRREAEDLQVGQVELGGGPGAGSLQPLALEGSLQKRGIVEQCCTSICSLYQLENYCN,agccctccaggacaggctgcatcagaagaggccatcaagcagatcactgtccttctgccatggccctgtggatgcgcctcctgcccctgctggcgctgctggccctctggggacctgacccagccgcagcctttgtgaaccaacacctgtgcggctcacacctggtggaagctctctacctagtgtgcggggaacgaggcttcttctacacacccaagacccgccgggaggcagaggacctgcaggtggggcaggtggagctgggcgggggccctggtgcaggcagcctgcagcccttggccctggaggggtccctgcagaagcgtggcattgtggaacaatgctgtaccagcatctgctccctctaccagctggagaactactgcaactagacgcagcccgcaggcagccccacacccgccgcctcctgcaccgagagagatggaataaagcccttgaaccagc,R55C,MALWMRLLPLLALLALWGPDPAAAFVNQHLCGSHLVEALYLVCGERGFFYTPKTCREAEDLQVGQVELGGGPGAGSLQPLALEGSLQKRGIVEQCCTSICSLYQLENYCN
NM_000207.3(INS):c.127T>G (p.Cys43Gly),Likely risk allele,"MONDO:MONDO:0100164,MedGen:C1833104,OMIM:PS606176,Orphanet:99885|MONDO:MONDO:0016391,MedGen:C0158981,Orphanet:224|MONDO:MONDO:0030089,MedGen:C5394307,OMIM:618858|Human Phenotype Ontology:HP:0005965,Human Phenotype Ontology:HP:0005978,Human Phenotype Ontology:HP:0100652,MONDO:MONDO:0005148,MeSH:D003924,MedGen:C0011860,OMIM:125853","Permanent neonatal diabetes mellitus|Neonatal diabetes mellitus|Diabetes mellitus, permanent neonatal 4|Type 2 diabetes mellitus",single nucleotide variant,HGNC:6081,MALWMRLLPLLALLALWGPDPAAAFVNQHLCGSHLVEALYLVCGERGFFYTPKTRREAEDLQVGQVELGGGPGAGSLQPLALEGSLQKRGIVEQCCTSICSLYQLENYCN,agccctccaggacaggctgcatcagaagaggccatcaagcagatcactgtccttctgccatggccctgtggatgcgcctcctgcccctgctggcgctgctggccctctggggacctgacccagccgcagcctttgtgaaccaacacctgtgcggctcacacctggtggaagctctctacctagtgtgcggggaacgaggcttcttctacacacccaagacccgccgggaggcagaggacctgcaggtggggcaggtggagctgggcgggggccctggtgcaggcagcctgcagcccttggccctggaggggtccctgcagaagcgtggcattgtggaacaatgctgtaccagcatctgctccctctaccagctggagaactactgcaactagacgcagcccgcaggcagccccacacccgccgcctcctgcaccgagagagatggaataaagcccttgaaccagc,C43G,MALWMRLLPLLALLALWGPDPAAAFVNQHLCGSHLVEALYLVGGERGFFYTPKTRREAEDLQVGQVELGGGPGAGSLQPLALEGSLQKRGIVEQCCTSICSLYQLENYCN
NM_000207.3(INS):c.140G>T (p.Gly47Val),Uncertain significance,"MONDO:MONDO:0100164,MedGen:C1833104,OMIM:PS606176,Orphanet:99885|MONDO:MONDO:0030089,MedGen:C5394307,OMIM:618858","Permanent neonatal diabetes mellitus|Diabetes mellitus, permanent neonatal 4",single nucleotide variant,HGNC:6081,MALWMRLLPLLALLALWGPDPAAAFVNQHLCGSHLVEALYLVCGERGFFYTPKTRREAEDLQVGQVELGGGPGAGSLQPLALEGSLQKRGIVEQCCTSICSLYQLENYCN,agccctccaggacaggctgcatcagaagaggccatcaagcagatcactgtccttctgccatggccctgtggatgcgcctcctgcccctgctggcgctgctggccctctggggacctgacccagccgcagcctttgtgaaccaacacctgtgcggctcacacctggtggaagctctctacctagtgtgcggggaacgaggcttcttctacacacccaagacccgccgggaggcagaggacctgcaggtggggcaggtggagctgggcgggggccctggtgcaggcagcctgcagcccttggccctggaggggtccctgcagaagcgtggcattgtggaacaatgctgtaccagcatctgctccctctaccagctggagaactactgcaactagacgcagcccgcaggcagccccacacccgccgcctcctgcaccgagagagatggaataaagcccttgaaccagc,G47V,MALWMRLLPLLALLALWGPDPAAAFVNQHLCGSHLVEALYLVCGERVFFYTPKTRREAEDLQVGQVELGGGPGAGSLQPLALEGSLQKRGIVEQCCTSICSLYQLENYCN
NM_000207.3(INS):c.265C>T (p.Arg89Cys),Conflicting classifications of pathogenicity,"MONDO:MONDO:0100164,MedGen:C1833104,OMIM:PS606176,Orphanet:99885|MONDO:MONDO:0030089,MedGen:C5394307,OMIM:618858|MONDO:MONDO:0016391,MedGen:C0158981,Orphanet:224|MedGen:C3661900","Permanent neonatal diabetes mellitus|Diabetes mellitus, permanent neonatal 4|Neonatal diabetes mellitus|not provided",single nucleotide variant,HGNC:6081,MALWMRLLPLLALLALWGPDPAAAFVNQHLCGSHLVEALYLVCGERGFFYTPKTRREAEDLQVGQVELGGGPGAGSLQPLALEGSLQKRGIVEQCCTSICSLYQLENYCN,agccctccaggacaggctgcatcagaagaggccatcaagcagatcactgtccttctgccatggccctgtggatgcgcctcctgcccctgctggcgctgctggccctctggggacctgacccagccgcagcctttgtgaaccaacacctgtgcggctcacacctggtggaagctctctacctagtgtgcggggaacgaggcttcttctacacacccaagacccgccgggaggcagaggacctgcaggtggggcaggtggagctgggcgggggccctggtgcaggcagcctgcagcccttggccctggaggggtccctgcagaagcgtggcattgtggaacaatgctgtaccagcatctgctccctctaccagctggagaactactgcaactagacgcagcccgcaggcagccccacacccgccgcctcctgcaccgagagagatggaataaagcccttgaaccagc,R89C,MALWMRLLPLLALLALWGPDPAAAFVNQHLCGSHLVEALYLVCGERGFFYTPKTRREAEDLQVGQVELGGGPGAGSLQPLALEGSLQKCGIVEQCCTSICSLYQLENYCN
NM_000207.3(INS):c.268G>T (p.Gly90Cys),Uncertain significance,"MONDO:MONDO:0100164,MedGen:C1833104,OMIM:PS606176,Orphanet:99885|MONDO:MONDO:0030089,MedGen:C5394307,OMIM:618858","Permanent neonatal diabetes mellitus|Diabetes mellitus, permanent neonatal 4",single nucleotide variant,HGNC:6081,MALWMRLLPLLALLALWGPDPAAAFVNQHLCGSHLVEALYLVCGERGFFYTPKTRREAEDLQVGQVELGGGPGAGSLQPLALEGSLQKRGIVEQCCTSICSLYQLENYCN,agccctccaggacaggctgcatcagaagaggccatcaagcagatcactgtccttctgccatggccctgtggatgcgcctcctgcccctgctggcgctgctggccctctggggacctgacccagccgcagcctttgtgaaccaacacctgtgcggctcacacctggtggaagctctctacctagtgtgcggggaacgaggcttcttctacacacccaagacccgccgggaggcagaggacctgcaggtggggcaggtggagctgggcgggggccctggtgcaggcagcctgcagcccttggccctggaggggtccctgcagaagcgtggcattgtggaacaatgctgtaccagcatctgctccctctaccagctggagaactactgcaactagacgcagcccgcaggcagccccacacccgccgcctcctgcaccgagagagatggaataaagcccttgaaccagc,G90C,MALWMRLLPLLALLALWGPDPAAAFVNQHLCGSHLVEALYLVCGERGFFYTPKTRREAEDLQVGQVELGGGPGAGSLQPLALEGSLQKRCIVEQCCTSICSLYQLENYCN
NM_000207.3(INS):c.323A>G (p.Tyr108Cys),Likely risk allele,"MONDO:MONDO:0100164,MedGen:C1833104,OMIM:PS606176,Orphanet:99885|MONDO:MONDO:0030089,MedGen:C5394307,OMIM:618858","Permanent neonatal diabetes mellitus|Diabetes mellitus, permanent neonatal 4",single nucleotide variant,HGNC:6081,MALWMRLLPLLALLALWGPDPAAAFVNQHLCGSHLVEALYLVCGERGFFYTPKTRREAEDLQVGQVELGGGPGAGSLQPLALEGSLQKRGIVEQCCTSICSLYQLENYCN,agccctccaggacaggctgcatcagaagaggccatcaagcagatcactgtccttctgccatggccctgtggatgcgcctcctgcccctgctggcgctgctggccctctggggacctgacccagccgcagcctttgtgaaccaacacctgtgcggctcacacctggtggaagctctctacctagtgtgcggggaacgaggcttcttctacacacccaagacccgccgggaggcagaggacctgcaggtggggcaggtggagctgggcgggggccctggtgcaggcagcctgcagcccttggccctggaggggtccctgcagaagcgtggcattgtggaacaatgctgtaccagcatctgctccctctaccagctggagaactactgcaactagacgcagcccgcaggcagccccacacccgccgcctcctgcaccgagagagatggaataaagcccttgaaccagc,Y108C,MALWMRLLPLLALLALWGPDPAAAFVNQHLCGSHLVEALYLVCGERGFFYTPKTRREAEDLQVGQVELGGGPGAGSLQPLALEGSLQKRGIVEQCCTSICSLYQLENCCN
NM_000207.3(INS):c.94G>C (p.Gly32Arg),not provided,"MONDO:MONDO:0100164,MedGen:C1833104,OMIM:PS606176,Orphanet:99885",Permanent neonatal diabetes mellitus,single nucleotide variant,HGNC:6081,MALWMRLLPLLALLALWGPDPAAAFVNQHLCGSHLVEALYLVCGERGFFYTPKTRREAEDLQVGQVELGGGPGAGSLQPLALEGSLQKRGIVEQCCTSICSLYQLENYCN,agccctccaggacaggctgcatcagaagaggccatcaagcagatcactgtccttctgccatggccctgtggatgcgcctcctgcccctgctggcgctgctggccctctggggacctgacccagccgcagcctttgtgaaccaacacctgtgcggctcacacctggtggaagctctctacctagtgtgcggggaacgaggcttcttctacacacccaagacccgccgggaggcagaggacctgcaggtggggcaggtggagctgggcgggggccctggtgcaggcagcctgcagcccttggccctggaggggtccctgcagaagcgtggcattgtggaacaatgctgtaccagcatctgctccctctaccagctggagaactactgcaactagacgcagcccgcaggcagccccacacccgccgcctcctgcaccgagagagatggaataaagcccttgaaccagc,G32R,MALWMRLLPLLALLALWGPDPAAAFVNQHLCRSHLVEALYLVCGERGFFYTPKTRREAEDLQVGQVELGGGPGAGSLQPLALEGSLQKRGIVEQCCTSICSLYQLENYCN
NM_000207.3(INS):c.71C>T (p.Ala24Val),Likely pathogenic,"MONDO:MONDO:0016391,MedGen:C0158981,Orphanet:224|MedGen:C3661900",Neonatal diabetes mellitus|not provided,single nucleotide variant,HGNC:6081,MALWMRLLPLLALLALWGPDPAAAFVNQHLCGSHLVEALYLVCGERGFFYTPKTRREAEDLQVGQVELGGGPGAGSLQPLALEGSLQKRGIVEQCCTSICSLYQLENYCN,agccctccaggacaggctgcatcagaagaggccatcaagcagatcactgtccttctgccatggccctgtggatgcgcctcctgcccctgctggcgctgctggccctctggggacctgacccagccgcagcctttgtgaaccaacacctgtgcggctcacacctggtggaagctctctacctagtgtgcggggaacgaggcttcttctacacacccaagacccgccgggaggcagaggacctgcaggtggggcaggtggagctgggcgggggccctggtgcaggcagcctgcagcccttggccctggaggggtccctgcagaagcgtggcattgtggaacaatgctgtaccagcatctgctccctctaccagctggagaactactgcaactagacgcagcccgcaggcagccccacacccgccgcctcctgcaccgagagagatggaataaagcccttgaaccagc,A24V,MALWMRLLPLLALLALWGPDPAAVFVNQHLCGSHLVEALYLVCGERGFFYTPKTRREAEDLQVGQVELGGGPGAGSLQPLALEGSLQKRGIVEQCCTSICSLYQLENYCN
NM_000207.3(INS):c.3G>A (p.Met1Ile),Uncertain significance,"MONDO:MONDO:0100164,MedGen:C1833104,OMIM:PS606176,Orphanet:99885|MONDO:MONDO:0030089,MedGen:C5394307,OMIM:618858","Permanent neonatal diabetes mellitus|Diabetes mellitus, permanent neonatal 4",single nucleotide variant,HGNC:6081,MALWMRLLPLLALLALWGPDPAAAFVNQHLCGSHLVEALYLVCGERGFFYTPKTRREAEDLQVGQVELGGGPGAGSLQPLALEGSLQKRGIVEQCCTSICSLYQLENYCN,agccctccaggacaggctgcatcagaagaggccatcaagcagatcactgtccttctgccatggccctgtggatgcgcctcctgcccctgctggcgctgctggccctctggggacctgacccagccgcagcctttgtgaaccaacacctgtgcggctcacacctggtggaagctctctacctagtgtgcggggaacgaggcttcttctacacacccaagacccgccgggaggcagaggacctgcaggtggggcaggtggagctgggcgggggccctggtgcaggcagcctgcagcccttggccctggaggggtccctgcagaagcgtggcattgtggaacaatgctgtaccagcatctgctccctctaccagctggagaactactgcaactagacgcagcccgcaggcagccccacacccgccgcctcctgcaccgagagagatggaataaagcccttgaaccagc,M1I,IALWMRLLPLLALLALWGPDPAAAFVNQHLCGSHLVEALYLVCGERGFFYTPKTRREAEDLQVGQVELGGGPGAGSLQPLALEGSLQKRGIVEQCCTSICSLYQLENYCN
NM_000207.3(INS):c.3G>T (p.Met1Ile),not provided,"MONDO:MONDO:0100164,MedGen:C1833104,OMIM:PS606176,Orphanet:99885",Permanent neonatal diabetes mellitus,single nucleotide variant,HGNC:6081,MALWMRLLPLLALLALWGPDPAAAFVNQHLCGSHLVEALYLVCGERGFFYTPKTRREAEDLQVGQVELGGGPGAGSLQPLALEGSLQKRGIVEQCCTSICSLYQLENYCN,agccctccaggacaggctgcatcagaagaggccatcaagcagatcactgtccttctgccatggccctgtggatgcgcctcctgcccctgctggcgctgctggccctctggggacctgacccagccgcagcctttgtgaaccaacacctgtgcggctcacacctggtggaagctctctacctagtgtgcggggaacgaggcttcttctacacacccaagacccgccgggaggcagaggacctgcaggtggggcaggtggagctgggcgggggccctggtgcaggcagcctgcagcccttggccctggaggggtccctgcagaagcgtggcattgtggaacaatgctgtaccagcatctgctccctctaccagctggagaactactgcaactagacgcagcccgcaggcagccccacacccgccgcctcctgcaccgagagagatggaataaagcccttgaaccagc,M1I,IALWMRLLPLLALLALWGPDPAAAFVNQHLCGSHLVEALYLVCGERGFFYTPKTRREAEDLQVGQVELGGGPGAGSLQPLALEGSLQKRGIVEQCCTSICSLYQLENYCN
NM_000207.3(INS):c.104T>C (p.Leu35Pro),not provided,"MONDO:MONDO:0100164,MedGen:C1833104,OMIM:PS606176,Orphanet:99885",Permanent neonatal diabetes mellitus,single nucleotide variant,HGNC:6081,MALWMRLLPLLALLALWGPDPAAAFVNQHLCGSHLVEALYLVCGERGFFYTPKTRREAEDLQVGQVELGGGPGAGSLQPLALEGSLQKRGIVEQCCTSICSLYQLENYCN,agccctccaggacaggctgcatcagaagaggccatcaagcagatcactgtccttctgccatggccctgtggatgcgcctcctgcccctgctggcgctgctggccctctggggacctgacccagccgcagcctttgtgaaccaacacctgtgcggctcacacctggtggaagctctctacctagtgtgcggggaacgaggcttcttctacacacccaagacccgccgggaggcagaggacctgcaggtggggcaggtggagctgggcgggggccctggtgcaggcagcctgcagcccttggccctggaggggtccctgcagaagcgtggcattgtggaacaatgctgtaccagcatctgctccctctaccagctggagaactactgcaactagacgcagcccgcaggcagccccacacccgccgcctcctgcaccgagagagatggaataaagcccttgaaccagc,L35P,MALWMRLLPLLALLALWGPDPAAAFVNQHLCGSHPVEALYLVCGERGFFYTPKTRREAEDLQVGQVELGGGPGAGSLQPLALEGSLQKRGIVEQCCTSICSLYQLENYCN
NM_000207.3(INS):c.17G>A (p.Arg6His),Uncertain significance/Uncertain risk allele,"MONDO:MONDO:0013240,MedGen:C3150617,OMIM:613370,Orphanet:552||MedGen:C3661900",Maturity-onset diabetes of the young type 10|INS-related disorder|not provided,single nucleotide variant,HGNC:6081,MALWMRLLPLLALLALWGPDPAAAFVNQHLCGSHLVEALYLVCGERGFFYTPKTRREAEDLQVGQVELGGGPGAGSLQPLALEGSLQKRGIVEQCCTSICSLYQLENYCN,agccctccaggacaggctgcatcagaagaggccatcaagcagatcactgtccttctgccatggccctgtggatgcgcctcctgcccctgctggcgctgctggccctctggggacctgacccagccgcagcctttgtgaaccaacacctgtgcggctcacacctggtggaagctctctacctagtgtgcggggaacgaggcttcttctacacacccaagacccgccgggaggcagaggacctgcaggtggggcaggtggagctgggcgggggccctggtgcaggcagcctgcagcccttggccctggaggggtccctgcagaagcgtggcattgtggaacaatgctgtaccagcatctgctccctctaccagctggagaactactgcaactagacgcagcccgcaggcagccccacacccgccgcctcctgcaccgagagagatggaataaagcccttgaaccagc,R6H,MALWMHLLPLLALLALWGPDPAAAFVNQHLCGSHLVEALYLVCGERGFFYTPKTRREAEDLQVGQVELGGGPGAGSLQPLALEGSLQKRGIVEQCCTSICSLYQLENYCN
NM_000207.3(INS):c.202C>A (p.Leu68Met),Uncertain significance,"MedGen:C3661900|Human Phenotype Ontology:HP:0005965,Human Phenotype Ontology:HP:0005978,Human Phenotype Ontology:HP:0100652,MONDO:MONDO:0005148,MeSH:D003924,MedGen:C0011860,OMIM:125853|",not provided|Type 2 diabetes mellitus|INS-related disorder,single nucleotide variant,HGNC:6081,MALWMRLLPLLALLALWGPDPAAAFVNQHLCGSHLVEALYLVCGERGFFYTPKTRREAEDLQVGQVELGGGPGAGSLQPLALEGSLQKRGIVEQCCTSICSLYQLENYCN,agccctccaggacaggctgcatcagaagaggccatcaagcagatcactgtccttctgccatggccctgtggatgcgcctcctgcccctgctggcgctgctggccctctggggacctgacccagccgcagcctttgtgaaccaacacctgtgcggctcacacctggtggaagctctctacctagtgtgcggggaacgaggcttcttctacacacccaagacccgccgggaggcagaggacctgcaggtggggcaggtggagctgggcgggggccctggtgcaggcagcctgcagcccttggccctggaggggtccctgcagaagcgtggcattgtggaacaatgctgtaccagcatctgctccctctaccagctggagaactactgcaactagacgcagcccgcaggcagccccacacccgccgcctcctgcaccgagagagatggaataaagcccttgaaccagc,L68M,MALWMRLLPLLALLALWGPDPAAAFVNQHLCGSHLVEALYLVCGERGFFYTPKTRREAEDLQVGQVEMGGGPGAGSLQPLALEGSLQKRGIVEQCCTSICSLYQLENYCN
NM_000207.3(INS):c.250G>A (p.Gly84Arg),Uncertain significance,"MONDO:MONDO:0100164,MedGen:C1833104,OMIM:PS606176,Orphanet:99885|MONDO:MONDO:0030089,MedGen:C5394307,OMIM:618858","Permanent neonatal diabetes mellitus|Diabetes mellitus, permanent neonatal 4",single nucleotide variant,HGNC:6081,MALWMRLLPLLALLALWGPDPAAAFVNQHLCGSHLVEALYLVCGERGFFYTPKTRREAEDLQVGQVELGGGPGAGSLQPLALEGSLQKRGIVEQCCTSICSLYQLENYCN,agccctccaggacaggctgcatcagaagaggccatcaagcagatcactgtccttctgccatggccctgtggatgcgcctcctgcccctgctggcgctgctggccctctggggacctgacccagccgcagcctttgtgaaccaacacctgtgcggctcacacctggtggaagctctctacctagtgtgcggggaacgaggcttcttctacacacccaagacccgccgggaggcagaggacctgcaggtggggcaggtggagctgggcgggggccctggtgcaggcagcctgcagcccttggccctggaggggtccctgcagaagcgtggcattgtggaacaatgctgtaccagcatctgctccctctaccagctggagaactactgcaactagacgcagcccgcaggcagccccacacccgccgcctcctgcaccgagagagatggaataaagcccttgaaccagc,G84R,MALWMRLLPLLALLALWGPDPAAAFVNQHLCGSHLVEALYLVCGERGFFYTPKTRREAEDLQVGQVELGGGPGAGSLQPLALERSLQKRGIVEQCCTSICSLYQLENYCN
NM_000207.3(INS):c.287G>C (p.Cys96Ser),not provided,"MONDO:MONDO:0100164,MedGen:C1833104,OMIM:PS606176,Orphanet:99885",Permanent neonatal diabetes mellitus,single nucleotide variant,HGNC:6081,MALWMRLLPLLALLALWGPDPAAAFVNQHLCGSHLVEALYLVCGERGFFYTPKTRREAEDLQVGQVELGGGPGAGSLQPLALEGSLQKRGIVEQCCTSICSLYQLENYCN,agccctccaggacaggctgcatcagaagaggccatcaagcagatcactgtccttctgccatggccctgtggatgcgcctcctgcccctgctggcgctgctggccctctggggacctgacccagccgcagcctttgtgaaccaacacctgtgcggctcacacctggtggaagctctctacctagtgtgcggggaacgaggcttcttctacacacccaagacccgccgggaggcagaggacctgcaggtggggcaggtggagctgggcgggggccctggtgcaggcagcctgcagcccttggccctggaggggtccctgcagaagcgtggcattgtggaacaatgctgtaccagcatctgctccctctaccagctggagaactactgcaactagacgcagcccgcaggcagccccacacccgccgcctcctgcaccgagagagatggaataaagcccttgaaccagc,C96S,MALWMRLLPLLALLALWGPDPAAAFVNQHLCGSHLVEALYLVCGERGFFYTPKTRREAEDLQVGQVELGGGPGAGSLQPLALEGSLQKRGIVEQCSTSICSLYQLENYCN
NM_000207.3(INS):c.302C>G (p.Ser101Cys),Likely risk allele,"MONDO:MONDO:0100164,MedGen:C1833104,OMIM:PS606176,Orphanet:99885|MONDO:MONDO:0030089,MedGen:C5394307,OMIM:618858","Permanent neonatal diabetes mellitus|Diabetes mellitus, permanent neonatal 4",single nucleotide variant,HGNC:6081,MALWMRLLPLLALLALWGPDPAAAFVNQHLCGSHLVEALYLVCGERGFFYTPKTRREAEDLQVGQVELGGGPGAGSLQPLALEGSLQKRGIVEQCCTSICSLYQLENYCN,agccctccaggacaggctgcatcagaagaggccatcaagcagatcactgtccttctgccatggccctgtggatgcgcctcctgcccctgctggcgctgctggccctctggggacctgacccagccgcagcctttgtgaaccaacacctgtgcggctcacacctggtggaagctctctacctagtgtgcggggaacgaggcttcttctacacacccaagacccgccgggaggcagaggacctgcaggtggggcaggtggagctgggcgggggccctggtgcaggcagcctgcagcccttggccctggaggggtccctgcagaagcgtggcattgtggaacaatgctgtaccagcatctgctccctctaccagctggagaactactgcaactagacgcagcccgcaggcagccccacacccgccgcctcctgcaccgagagagatggaataaagcccttgaaccagc,S101C,MALWMRLLPLLALLALWGPDPAAAFVNQHLCGSHLVEALYLVCGERGFFYTPKTRREAEDLQVGQVELGGGPGAGSLQPLALEGSLQKRGIVEQCCTSICCLYQLENYCN
NM_000207.3(INS):c.308A>G (p.Tyr103Cys),Conflicting classifications of pathogenicity,"MONDO:MONDO:0100164,MedGen:C1833104,OMIM:PS606176,Orphanet:99885|MedGen:C3661900|MONDO:MONDO:0030089,MedGen:C5394307,OMIM:618858","Permanent neonatal diabetes mellitus|not provided|Diabetes mellitus, permanent neonatal 4",single nucleotide variant,HGNC:6081,MALWMRLLPLLALLALWGPDPAAAFVNQHLCGSHLVEALYLVCGERGFFYTPKTRREAEDLQVGQVELGGGPGAGSLQPLALEGSLQKRGIVEQCCTSICSLYQLENYCN,agccctccaggacaggctgcatcagaagaggccatcaagcagatcactgtccttctgccatggccctgtggatgcgcctcctgcccctgctggcgctgctggccctctggggacctgacccagccgcagcctttgtgaaccaacacctgtgcggctcacacctggtggaagctctctacctagtgtgcggggaacgaggcttcttctacacacccaagacccgccgggaggcagaggacctgcaggtggggcaggtggagctgggcgggggccctggtgcaggcagcctgcagcccttggccctggaggggtccctgcagaagcgtggcattgtggaacaatgctgtaccagcatctgctccctctaccagctggagaactactgcaactagacgcagcccgcaggcagccccacacccgccgcctcctgcaccgagagagatggaataaagcccttgaaccagc,Y103C,MALWMRLLPLLALLALWGPDPAAAFVNQHLCGSHLVEALYLVCGERGFFYTPKTRREAEDLQVGQVELGGGPGAGSLQPLALEGSLQKRGIVEQCCTSICSLCQLENYCN
NM_000207.3(INS):c.85C>G (p.His29Asp),Uncertain significance,"MONDO:MONDO:0100164,MedGen:C1833104,OMIM:PS606176,Orphanet:99885|MONDO:MONDO:0030089,MedGen:C5394307,OMIM:618858","Permanent neonatal diabetes mellitus|Diabetes mellitus, permanent neonatal 4",single nucleotide variant,HGNC:6081,MALWMRLLPLLALLALWGPDPAAAFVNQHLCGSHLVEALYLVCGERGFFYTPKTRREAEDLQVGQVELGGGPGAGSLQPLALEGSLQKRGIVEQCCTSICSLYQLENYCN,agccctccaggacaggctgcatcagaagaggccatcaagcagatcactgtccttctgccatggccctgtggatgcgcctcctgcccctgctggcgctgctggccctctggggacctgacccagccgcagcctttgtgaaccaacacctgtgcggctcacacctggtggaagctctctacctagtgtgcggggaacgaggcttcttctacacacccaagacccgccgggaggcagaggacctgcaggtggggcaggtggagctgggcgggggccctggtgcaggcagcctgcagcccttggccctggaggggtccctgcagaagcgtggcattgtggaacaatgctgtaccagcatctgctccctctaccagctggagaactactgcaactagacgcagcccgcaggcagccccacacccgccgcctcctgcaccgagagagatggaataaagcccttgaaccagc,H29D,MALWMRLLPLLALLALWGPDPAAAFVNQDLCGSHLVEALYLVCGERGFFYTPKTRREAEDLQVGQVELGGGPGAGSLQPLALEGSLQKRGIVEQCCTSICSLYQLENYCN
NM_000207.3(INS):c.125T>C (p.Val42Ala),Conflicting classifications of pathogenicity,"MONDO:MONDO:0013240,MedGen:C3150617,OMIM:613370,Orphanet:552",Maturity-onset diabetes of the young type 10,single nucleotide variant,HGNC:6081,MALWMRLLPLLALLALWGPDPAAAFVNQHLCGSHLVEALYLVCGERGFFYTPKTRREAEDLQVGQVELGGGPGAGSLQPLALEGSLQKRGIVEQCCTSICSLYQLENYCN,agccctccaggacaggctgcatcagaagaggccatcaagcagatcactgtccttctgccatggccctgtggatgcgcctcctgcccctgctggcgctgctggccctctggggacctgacccagccgcagcctttgtgaaccaacacctgtgcggctcacacctggtggaagctctctacctagtgtgcggggaacgaggcttcttctacacacccaagacccgccgggaggcagaggacctgcaggtggggcaggtggagctgggcgggggccctggtgcaggcagcctgcagcccttggccctggaggggtccctgcagaagcgtggcattgtggaacaatgctgtaccagcatctgctccctctaccagctggagaactactgcaactagacgcagcccgcaggcagccccacacccgccgcctcctgcaccgagagagatggaataaagcccttgaaccagc,V42A,MALWMRLLPLLALLALWGPDPAAAFVNQHLCGSHLVEALYLACGERGFFYTPKTRREAEDLQVGQVELGGGPGAGSLQPLALEGSLQKRGIVEQCCTSICSLYQLENYCN
NM_000207.3(INS):c.130G>A (p.Gly44Arg),Conflicting classifications of pathogenicity,"MedGen:CN239353|MONDO:MONDO:0013240,MedGen:C3150617,OMIM:613370,Orphanet:552|MedGen:C3661900","Transient Neonatal Diabetes, Dominant/Recessive|Maturity-onset diabetes of the young type 10|not provided",single nucleotide variant,HGNC:6081,MALWMRLLPLLALLALWGPDPAAAFVNQHLCGSHLVEALYLVCGERGFFYTPKTRREAEDLQVGQVELGGGPGAGSLQPLALEGSLQKRGIVEQCCTSICSLYQLENYCN,agccctccaggacaggctgcatcagaagaggccatcaagcagatcactgtccttctgccatggccctgtggatgcgcctcctgcccctgctggcgctgctggccctctggggacctgacccagccgcagcctttgtgaaccaacacctgtgcggctcacacctggtggaagctctctacctagtgtgcggggaacgaggcttcttctacacacccaagacccgccgggaggcagaggacctgcaggtggggcaggtggagctgggcgggggccctggtgcaggcagcctgcagcccttggccctggaggggtccctgcagaagcgtggcattgtggaacaatgctgtaccagcatctgctccctctaccagctggagaactactgcaactagacgcagcccgcaggcagccccacacccgccgcctcctgcaccgagagagatggaataaagcccttgaaccagc,G44R,MALWMRLLPLLALLALWGPDPAAAFVNQHLCGSHLVEALYLVCRERGFFYTPKTRREAEDLQVGQVELGGGPGAGSLQPLALEGSLQKRGIVEQCCTSICSLYQLENYCN
NM_000207.3(INS):c.25C>T (p.Pro9Ser),Uncertain significance,"MONDO:MONDO:0013240,MedGen:C3150617,OMIM:613370,Orphanet:552|MedGen:CN239353|Human Phenotype Ontology:HP:0000857,MedGen:C3278636|MONDO:MONDO:0007454,MedGen:C1852092,OMIM:125852;MONDO:MONDO:0030089,MedGen:C5394307,OMIM:618858;MONDO:MONDO:0014535,MedGen:C0342283,OMIM:616214;MONDO:MONDO:0013240,MedGen:C3150617,OMIM:613370,Orphanet:552|","Maturity-onset diabetes of the young type 10|Transient Neonatal Diabetes, Dominant/Recessive|Neonatal insulin-dependent diabetes mellitus|Type 1 diabetes mellitus 2;Diabetes mellitus, permanent neonatal 4;Hyperproinsulinemia;Maturity-onset diabetes of the young type 10|INS-related disorder",single nucleotide variant,HGNC:6081,MALWMRLLPLLALLALWGPDPAAAFVNQHLCGSHLVEALYLVCGERGFFYTPKTRREAEDLQVGQVELGGGPGAGSLQPLALEGSLQKRGIVEQCCTSICSLYQLENYCN,agccctccaggacaggctgcatcagaagaggccatcaagcagatcactgtccttctgccatggccctgtggatgcgcctcctgcccctgctggcgctgctggccctctggggacctgacccagccgcagcctttgtgaaccaacacctgtgcggctcacacctggtggaagctctctacctagtgtgcggggaacgaggcttcttctacacacccaagacccgccgggaggcagaggacctgcaggtggggcaggtggagctgggcgggggccctggtgcaggcagcctgcagcccttggccctggaggggtccctgcagaagcgtggcattgtggaacaatgctgtaccagcatctgctccctctaccagctggagaactactgcaactagacgcagcccgcaggcagccccacacccgccgcctcctgcaccgagagagatggaataaagcccttgaaccagc,P9S,MALWMRLLSLLALLALWGPDPAAAFVNQHLCGSHLVEALYLVCGERGFFYTPKTRREAEDLQVGQVELGGGPGAGSLQPLALEGSLQKRGIVEQCCTSICSLYQLENYCN
NM_000207.3(INS):c.278A>G (p.Glu93Gly),Conflicting classifications of pathogenicity,"MONDO:MONDO:0015967,MedGen:C3888631,Orphanet:183625|MONDO:MONDO:0013240,MedGen:C3150617,OMIM:613370,Orphanet:552",Monogenic diabetes|Maturity-onset diabetes of the young type 10,single nucleotide variant,HGNC:6081,MALWMRLLPLLALLALWGPDPAAAFVNQHLCGSHLVEALYLVCGERGFFYTPKTRREAEDLQVGQVELGGGPGAGSLQPLALEGSLQKRGIVEQCCTSICSLYQLENYCN,agccctccaggacaggctgcatcagaagaggccatcaagcagatcactgtccttctgccatggccctgtggatgcgcctcctgcccctgctggcgctgctggccctctggggacctgacccagccgcagcctttgtgaaccaacacctgtgcggctcacacctggtggaagctctctacctagtgtgcggggaacgaggcttcttctacacacccaagacccgccgggaggcagaggacctgcaggtggggcaggtggagctgggcgggggccctggtgcaggcagcctgcagcccttggccctggaggggtccctgcagaagcgtggcattgtggaacaatgctgtaccagcatctgctccctctaccagctggagaactactgcaactagacgcagcccgcaggcagccccacacccgccgcctcctgcaccgagagagatggaataaagcccttgaaccagc,E93G,MALWMRLLPLLALLALWGPDPAAAFVNQHLCGSHLVEALYLVCGERGFFYTPKTRREAEDLQVGQVELGGGPGAGSLQPLALEGSLQKRGIVGQCCTSICSLYQLENYCN
NM_000207.3(INS):c.320ACT[1] (p.Tyr108del),Conflicting classifications of pathogenicity,"MedGen:CN169374|Human Phenotype Ontology:HP:0000857,MedGen:C3278636",not specified|Neonatal insulin-dependent diabetes mellitus,Microsatellite,HGNC:6081,MALWMRLLPLLALLALWGPDPAAAFVNQHLCGSHLVEALYLVCGERGFFYTPKTRREAEDLQVGQVELGGGPGAGSLQPLALEGSLQKRGIVEQCCTSICSLYQLENYCN,agccctccaggacaggctgcatcagaagaggccatcaagcagatcactgtccttctgccatggccctgtggatgcgcctcctgcccctgctggcgctgctggccctctggggacctgacccagccgcagcctttgtgaaccaacacctgtgcggctcacacctggtggaagctctctacctagtgtgcggggaacgaggcttcttctacacacccaagacccgccgggaggcagaggacctgcaggtggggcaggtggagctgggcgggggccctggtgcaggcagcctgcagcccttggccctggaggggtccctgcagaagcgtggcattgtggaacaatgctgtaccagcatctgctccctctaccagctggagaactactgcaactagacgcagcccgcaggcagccccacacccgccgcctcctgcaccgagagagatggaataaagcccttgaaccagc,Y108,MALWMRLLPLLALLALWGPDPAAAFVNQHLCGSHLVEALYLVCGERGFFYTPKTRREAEDLQVGQVELGGGPGAGSLQPLALEGSLQKRGIVEQCCTSICSLYQLEYCN
NM_000207.3(INS):c.292A>T (p.Ser98Cys),Uncertain significance/Uncertain risk allele,"MedGen:CN169374|Human Phenotype Ontology:HP:0000857,MedGen:C3278636",not specified|Neonatal insulin-dependent diabetes mellitus,single nucleotide variant,HGNC:6081,MALWMRLLPLLALLALWGPDPAAAFVNQHLCGSHLVEALYLVCGERGFFYTPKTRREAEDLQVGQVELGGGPGAGSLQPLALEGSLQKRGIVEQCCTSICSLYQLENYCN,agccctccaggacaggctgcatcagaagaggccatcaagcagatcactgtccttctgccatggccctgtggatgcgcctcctgcccctgctggcgctgctggccctctggggacctgacccagccgcagcctttgtgaaccaacacctgtgcggctcacacctggtggaagctctctacctagtgtgcggggaacgaggcttcttctacacacccaagacccgccgggaggcagaggacctgcaggtggggcaggtggagctgggcgggggccctggtgcaggcagcctgcagcccttggccctggaggggtccctgcagaagcgtggcattgtggaacaatgctgtaccagcatctgctccctctaccagctggagaactactgcaactagacgcagcccgcaggcagccccacacccgccgcctcctgcaccgagagagatggaataaagcccttgaaccagc,S98C,MALWMRLLPLLALLALWGPDPAAAFVNQHLCGSHLVEALYLVCGERGFFYTPKTRREAEDLQVGQVELGGGPGAGSLQPLALEGSLQKRGIVEQCCTCICSLYQLENYCN
NM_000207.3(INS):c.130_144del (p.Gly44_Phe48del),Conflicting classifications of pathogenicity,"MedGen:CN169374|Human Phenotype Ontology:HP:0000857,MedGen:C3278636",not specified|Neonatal insulin-dependent diabetes mellitus,Deletion,HGNC:6081,MALWMRLLPLLALLALWGPDPAAAFVNQHLCGSHLVEALYLVCGERGFFYTPKTRREAEDLQVGQVELGGGPGAGSLQPLALEGSLQKRGIVEQCCTSICSLYQLENYCN,agccctccaggacaggctgcatcagaagaggccatcaagcagatcactgtccttctgccatggccctgtggatgcgcctcctgcccctgctggcgctgctggccctctggggacctgacccagccgcagcctttgtgaaccaacacctgtgcggctcacacctggtggaagctctctacctagtgtgcggggaacgaggcttcttctacacacccaagacccgccgggaggcagaggacctgcaggtggggcaggtggagctgggcgggggccctggtgcaggcagcctgcagcccttggccctggaggggtccctgcagaagcgtggcattgtggaacaatgctgtaccagcatctgctccctctaccagctggagaactactgcaactagacgcagcccgcaggcagccccacacccgccgcctcctgcaccgagagagatggaataaagcccttgaaccagc,G44_F48del,SPPGQAASEEAIKQITVLLPWPCGCASCPCWRCWPSGDLTQPQTCAAHTWWKLST
NM_000207.3(INS):c.290C>G (p.Thr97Ser),Conflicting classifications of pathogenicity,"MONDO:MONDO:0013240,MedGen:C3150617,OMIM:613370,Orphanet:552|Human Phenotype Ontology:HP:0000857,MedGen:C3278636",Maturity-onset diabetes of the young type 10|Neonatal insulin-dependent diabetes mellitus,single nucleotide variant,HGNC:6081,MALWMRLLPLLALLALWGPDPAAAFVNQHLCGSHLVEALYLVCGERGFFYTPKTRREAEDLQVGQVELGGGPGAGSLQPLALEGSLQKRGIVEQCCTSICSLYQLENYCN,agccctccaggacaggctgcatcagaagaggccatcaagcagatcactgtccttctgccatggccctgtggatgcgcctcctgcccctgctggcgctgctggccctctggggacctgacccagccgcagcctttgtgaaccaacacctgtgcggctcacacctggtggaagctctctacctagtgtgcggggaacgaggcttcttctacacacccaagacccgccgggaggcagaggacctgcaggtggggcaggtggagctgggcgggggccctggtgcaggcagcctgcagcccttggccctggaggggtccctgcagaagcgtggcattgtggaacaatgctgtaccagcatctgctccctctaccagctggagaactactgcaactagacgcagcccgcaggcagccccacacccgccgcctcctgcaccgagagagatggaataaagcccttgaaccagc,T97S,MALWMRLLPLLALLALWGPDPAAAFVNQHLCGSHLVEALYLVCGERGFFYTPKTRREAEDLQVGQVELGGGPGAGSLQPLALEGSLQKRGIVEQCCSSICSLYQLENYCN
NM_000207.3(INS):c.26C>G (p.Pro9Arg),Likely risk allele,"MONDO:MONDO:0100164,MedGen:C1833104,OMIM:PS606176,Orphanet:99885|Human Phenotype Ontology:HP:0000857,MedGen:C3278636",Permanent neonatal diabetes mellitus|Neonatal insulin-dependent diabetes mellitus,single nucleotide variant,HGNC:6081,MALWMRLLPLLALLALWGPDPAAAFVNQHLCGSHLVEALYLVCGERGFFYTPKTRREAEDLQVGQVELGGGPGAGSLQPLALEGSLQKRGIVEQCCTSICSLYQLENYCN,agccctccaggacaggctgcatcagaagaggccatcaagcagatcactgtccttctgccatggccctgtggatgcgcctcctgcccctgctggcgctgctggccctctggggacctgacccagccgcagcctttgtgaaccaacacctgtgcggctcacacctggtggaagctctctacctagtgtgcggggaacgaggcttcttctacacacccaagacccgccgggaggcagaggacctgcaggtggggcaggtggagctgggcgggggccctggtgcaggcagcctgcagcccttggccctggaggggtccctgcagaagcgtggcattgtggaacaatgctgtaccagcatctgctccctctaccagctggagaactactgcaactagacgcagcccgcaggcagccccacacccgccgcctcctgcaccgagagagatggaataaagcccttgaaccagc,P9R,MALWMRLLRLLALLALWGPDPAAAFVNQHLCGSHLVEALYLVCGERGFFYTPKTRREAEDLQVGQVELGGGPGAGSLQPLALEGSLQKRGIVEQCCTSICSLYQLENYCN
NM_000207.3(INS):c.286T>C (p.Cys96Arg),Likely risk allele,"Human Phenotype Ontology:HP:0000819,Human Phenotype Ontology:HP:0004908,Human Phenotype Ontology:HP:0008217,Human Phenotype Ontology:HP:0008234,Human Phenotype Ontology:HP:0008260,MONDO:MONDO:0005015,MedGen:C0011849|MONDO:MONDO:0007454,MedGen:C1852092,OMIM:125852",Diabetes mellitus|Type 1 diabetes mellitus 2,single nucleotide variant,HGNC:6081,MALWMRLLPLLALLALWGPDPAAAFVNQHLCGSHLVEALYLVCGERGFFYTPKTRREAEDLQVGQVELGGGPGAGSLQPLALEGSLQKRGIVEQCCTSICSLYQLENYCN,agccctccaggacaggctgcatcagaagaggccatcaagcagatcactgtccttctgccatggccctgtggatgcgcctcctgcccctgctggcgctgctggccctctggggacctgacccagccgcagcctttgtgaaccaacacctgtgcggctcacacctggtggaagctctctacctagtgtgcggggaacgaggcttcttctacacacccaagacccgccgggaggcagaggacctgcaggtggggcaggtggagctgggcgggggccctggtgcaggcagcctgcagcccttggccctggaggggtccctgcagaagcgtggcattgtggaacaatgctgtaccagcatctgctccctctaccagctggagaactactgcaactagacgcagcccgcaggcagccccacacccgccgcctcctgcaccgagagagatggaataaagcccttgaaccagc,C96R,MALWMRLLPLLALLALWGPDPAAAFVNQHLCGSHLVEALYLVCGERGFFYTPKTRREAEDLQVGQVELGGGPGAGSLQPLALEGSLQKRGIVEQCRTSICSLYQLENYCN
NM_000207.3(INS):c.227G>A (p.Ser76Asn),Conflicting classifications of pathogenicity,"MedGen:C3661900|MONDO:MONDO:0014535,MedGen:C0342283,OMIM:616214;MONDO:MONDO:0013240,MedGen:C3150617,OMIM:613370,Orphanet:552;MONDO:MONDO:0007454,MedGen:C1852092,OMIM:125852|MedGen:CN169374",not provided|Hyperproinsulinemia;Maturity-onset diabetes of the young type 10;Type 1 diabetes mellitus 2|not specified,single nucleotide variant,HGNC:6081,MALWMRLLPLLALLALWGPDPAAAFVNQHLCGSHLVEALYLVCGERGFFYTPKTRREAEDLQVGQVELGGGPGAGSLQPLALEGSLQKRGIVEQCCTSICSLYQLENYCN,agccctccaggacaggctgcatcagaagaggccatcaagcagatcactgtccttctgccatggccctgtggatgcgcctcctgcccctgctggcgctgctggccctctggggacctgacccagccgcagcctttgtgaaccaacacctgtgcggctcacacctggtggaagctctctacctagtgtgcggggaacgaggcttcttctacacacccaagacccgccgggaggcagaggacctgcaggtggggcaggtggagctgggcgggggccctggtgcaggcagcctgcagcccttggccctggaggggtccctgcagaagcgtggcattgtggaacaatgctgtaccagcatctgctccctctaccagctggagaactactgcaactagacgcagcccgcaggcagccccacacccgccgcctcctgcaccgagagagatggaataaagcccttgaaccagc,S76N,MALWMRLLPLLALLALWGPDPAAAFVNQHLCGSHLVEALYLVCGERGFFYTPKTRREAEDLQVGQVELGGGPGAGNLQPLALEGSLQKRGIVEQCCTSICSLYQLENYCN
NM_000207.3(INS):c.115C>T (p.Leu39Phe),Likely pathogenic,"MONDO:MONDO:0013240,MedGen:C3150617,OMIM:613370,Orphanet:552",Maturity-onset diabetes of the young type 10,single nucleotide variant,HGNC:6081,MALWMRLLPLLALLALWGPDPAAAFVNQHLCGSHLVEALYLVCGERGFFYTPKTRREAEDLQVGQVELGGGPGAGSLQPLALEGSLQKRGIVEQCCTSICSLYQLENYCN,agccctccaggacaggctgcatcagaagaggccatcaagcagatcactgtccttctgccatggccctgtggatgcgcctcctgcccctgctggcgctgctggccctctggggacctgacccagccgcagcctttgtgaaccaacacctgtgcggctcacacctggtggaagctctctacctagtgtgcggggaacgaggcttcttctacacacccaagacccgccgggaggcagaggacctgcaggtggggcaggtggagctgggcgggggccctggtgcaggcagcctgcagcccttggccctggaggggtccctgcagaagcgtggcattgtggaacaatgctgtaccagcatctgctccctctaccagctggagaactactgcaactagacgcagcccgcaggcagccccacacccgccgcctcctgcaccgagagagatggaataaagcccttgaaccagc,L39F,MALWMRLLPLLALLALWGPDPAAAFVNQHLCGSHLVEAFYLVCGERGFFYTPKTRREAEDLQVGQVELGGGPGAGSLQPLALEGSLQKRGIVEQCCTSICSLYQLENYCN
NM_000207.3(INS):c.289A>C (p.Thr97Pro),Likely pathogenic,MedGen:C3661900,not provided,single nucleotide variant,HGNC:6081,MALWMRLLPLLALLALWGPDPAAAFVNQHLCGSHLVEALYLVCGERGFFYTPKTRREAEDLQVGQVELGGGPGAGSLQPLALEGSLQKRGIVEQCCTSICSLYQLENYCN,agccctccaggacaggctgcatcagaagaggccatcaagcagatcactgtccttctgccatggccctgtggatgcgcctcctgcccctgctggcgctgctggccctctggggacctgacccagccgcagcctttgtgaaccaacacctgtgcggctcacacctggtggaagctctctacctagtgtgcggggaacgaggcttcttctacacacccaagacccgccgggaggcagaggacctgcaggtggggcaggtggagctgggcgggggccctggtgcaggcagcctgcagcccttggccctggaggggtccctgcagaagcgtggcattgtggaacaatgctgtaccagcatctgctccctctaccagctggagaactactgcaactagacgcagcccgcaggcagccccacacccgccgcctcctgcaccgagagagatggaataaagcccttgaaccagc,T97P,MALWMRLLPLLALLALWGPDPAAAFVNQHLCGSHLVEALYLVCGERGFFYTPKTRREAEDLQVGQVELGGGPGAGSLQPLALEGSLQKRGIVEQCCPSICSLYQLENYCN
NM_000207.3(INS):c.95G>T (p.Gly32Val),Likely pathogenic,MedGen:C3661900,not provided,single nucleotide variant,HGNC:6081,MALWMRLLPLLALLALWGPDPAAAFVNQHLCGSHLVEALYLVCGERGFFYTPKTRREAEDLQVGQVELGGGPGAGSLQPLALEGSLQKRGIVEQCCTSICSLYQLENYCN,agccctccaggacaggctgcatcagaagaggccatcaagcagatcactgtccttctgccatggccctgtggatgcgcctcctgcccctgctggcgctgctggccctctggggacctgacccagccgcagcctttgtgaaccaacacctgtgcggctcacacctggtggaagctctctacctagtgtgcggggaacgaggcttcttctacacacccaagacccgccgggaggcagaggacctgcaggtggggcaggtggagctgggcgggggccctggtgcaggcagcctgcagcccttggccctggaggggtccctgcagaagcgtggcattgtggaacaatgctgtaccagcatctgctccctctaccagctggagaactactgcaactagacgcagcccgcaggcagccccacacccgccgcctcctgcaccgagagagatggaataaagcccttgaaccagc,G32V,MALWMRLLPLLALLALWGPDPAAAFVNQHLCVSHLVEALYLVCGERGFFYTPKTRREAEDLQVGQVELGGGPGAGSLQPLALEGSLQKRGIVEQCCTSICSLYQLENYCN
NM_000207.3(INS):c.103C>G (p.Leu35Val),Likely pathogenic,MedGen:C3661900,not provided,single nucleotide variant,HGNC:6081,MALWMRLLPLLALLALWGPDPAAAFVNQHLCGSHLVEALYLVCGERGFFYTPKTRREAEDLQVGQVELGGGPGAGSLQPLALEGSLQKRGIVEQCCTSICSLYQLENYCN,agccctccaggacaggctgcatcagaagaggccatcaagcagatcactgtccttctgccatggccctgtggatgcgcctcctgcccctgctggcgctgctggccctctggggacctgacccagccgcagcctttgtgaaccaacacctgtgcggctcacacctggtggaagctctctacctagtgtgcggggaacgaggcttcttctacacacccaagacccgccgggaggcagaggacctgcaggtggggcaggtggagctgggcgggggccctggtgcaggcagcctgcagcccttggccctggaggggtccctgcagaagcgtggcattgtggaacaatgctgtaccagcatctgctccctctaccagctggagaactactgcaactagacgcagcccgcaggcagccccacacccgccgcctcctgcaccgagagagatggaataaagcccttgaaccagc,L35V,MALWMRLLPLLALLALWGPDPAAAFVNQHLCGSHVVEALYLVCGERGFFYTPKTRREAEDLQVGQVELGGGPGAGSLQPLALEGSLQKRGIVEQCCTSICSLYQLENYCN
NM_000207.3(INS):c.91T>G (p.Cys31Gly),Uncertain significance,MedGen:C3661900,not provided,single nucleotide variant,HGNC:6081,MALWMRLLPLLALLALWGPDPAAAFVNQHLCGSHLVEALYLVCGERGFFYTPKTRREAEDLQVGQVELGGGPGAGSLQPLALEGSLQKRGIVEQCCTSICSLYQLENYCN,agccctccaggacaggctgcatcagaagaggccatcaagcagatcactgtccttctgccatggccctgtggatgcgcctcctgcccctgctggcgctgctggccctctggggacctgacccagccgcagcctttgtgaaccaacacctgtgcggctcacacctggtggaagctctctacctagtgtgcggggaacgaggcttcttctacacacccaagacccgccgggaggcagaggacctgcaggtggggcaggtggagctgggcgggggccctggtgcaggcagcctgcagcccttggccctggaggggtccctgcagaagcgtggcattgtggaacaatgctgtaccagcatctgctccctctaccagctggagaactactgcaactagacgcagcccgcaggcagccccacacccgccgcctcctgcaccgagagagatggaataaagcccttgaaccagc,C31G,MALWMRLLPLLALLALWGPDPAAAFVNQHLGGSHLVEALYLVCGERGFFYTPKTRREAEDLQVGQVELGGGPGAGSLQPLALEGSLQKRGIVEQCCTSICSLYQLENYCN
NM_000207.3(INS):c.1A>G (p.Met1Val),Pathogenic/Likely pathogenic,"MedGen:C3661900|MONDO:MONDO:0007454,MedGen:C1852092,OMIM:125852;MONDO:MONDO:0013240,MedGen:C3150617,OMIM:613370,Orphanet:552;MONDO:MONDO:0030089,MedGen:C5394307,OMIM:618858;MONDO:MONDO:0014535,MedGen:C0342283,OMIM:616214","not provided|Type 1 diabetes mellitus 2;Maturity-onset diabetes of the young type 10;Diabetes mellitus, permanent neonatal 4;Hyperproinsulinemia",single nucleotide variant,HGNC:6081,MALWMRLLPLLALLALWGPDPAAAFVNQHLCGSHLVEALYLVCGERGFFYTPKTRREAEDLQVGQVELGGGPGAGSLQPLALEGSLQKRGIVEQCCTSICSLYQLENYCN,agccctccaggacaggctgcatcagaagaggccatcaagcagatcactgtccttctgccatggccctgtggatgcgcctcctgcccctgctggcgctgctggccctctggggacctgacccagccgcagcctttgtgaaccaacacctgtgcggctcacacctggtggaagctctctacctagtgtgcggggaacgaggcttcttctacacacccaagacccgccgggaggcagaggacctgcaggtggggcaggtggagctgggcgggggccctggtgcaggcagcctgcagcccttggccctggaggggtccctgcagaagcgtggcattgtggaacaatgctgtaccagcatctgctccctctaccagctggagaactactgcaactagacgcagcccgcaggcagccccacacccgccgcctcctgcaccgagagagatggaataaagcccttgaaccagc,M1V,VALWMRLLPLLALLALWGPDPAAAFVNQHLCGSHLVEALYLVCGERGFFYTPKTRREAEDLQVGQVELGGGPGAGSLQPLALEGSLQKRGIVEQCCTSICSLYQLENYCN
NM_000207.3(INS):c.293G>T (p.Ser98Ile),Likely pathogenic,"MONDO:MONDO:0016391,MedGen:C0158981,Orphanet:224",Neonatal diabetes mellitus,single nucleotide variant,HGNC:6081,MALWMRLLPLLALLALWGPDPAAAFVNQHLCGSHLVEALYLVCGERGFFYTPKTRREAEDLQVGQVELGGGPGAGSLQPLALEGSLQKRGIVEQCCTSICSLYQLENYCN,agccctccaggacaggctgcatcagaagaggccatcaagcagatcactgtccttctgccatggccctgtggatgcgcctcctgcccctgctggcgctgctggccctctggggacctgacccagccgcagcctttgtgaaccaacacctgtgcggctcacacctggtggaagctctctacctagtgtgcggggaacgaggcttcttctacacacccaagacccgccgggaggcagaggacctgcaggtggggcaggtggagctgggcgggggccctggtgcaggcagcctgcagcccttggccctggaggggtccctgcagaagcgtggcattgtggaacaatgctgtaccagcatctgctccctctaccagctggagaactactgcaactagacgcagcccgcaggcagccccacacccgccgcctcctgcaccgagagagatggaataaagcccttgaaccagc,S98I,MALWMRLLPLLALLALWGPDPAAAFVNQHLCGSHLVEALYLVCGERGFFYTPKTRREAEDLQVGQVELGGGPGAGSLQPLALEGSLQKRGIVEQCCTIICSLYQLENYCN
NM_000207.3(INS):c.322T>G (p.Tyr108Asp),Likely pathogenic,"MONDO:MONDO:0016391,MedGen:C0158981,Orphanet:224",Neonatal diabetes mellitus,single nucleotide variant,HGNC:6081,MALWMRLLPLLALLALWGPDPAAAFVNQHLCGSHLVEALYLVCGERGFFYTPKTRREAEDLQVGQVELGGGPGAGSLQPLALEGSLQKRGIVEQCCTSICSLYQLENYCN,agccctccaggacaggctgcatcagaagaggccatcaagcagatcactgtccttctgccatggccctgtggatgcgcctcctgcccctgctggcgctgctggccctctggggacctgacccagccgcagcctttgtgaaccaacacctgtgcggctcacacctggtggaagctctctacctagtgtgcggggaacgaggcttcttctacacacccaagacccgccgggaggcagaggacctgcaggtggggcaggtggagctgggcgggggccctggtgcaggcagcctgcagcccttggccctggaggggtccctgcagaagcgtggcattgtggaacaatgctgtaccagcatctgctccctctaccagctggagaactactgcaactagacgcagcccgcaggcagccccacacccgccgcctcctgcaccgagagagatggaataaagcccttgaaccagc,Y108D,MALWMRLLPLLALLALWGPDPAAAFVNQHLCGSHLVEALYLVCGERGFFYTPKTRREAEDLQVGQVELGGGPGAGSLQPLALEGSLQKRGIVEQCCTSICSLYQLENDCN
NM_000207.3(INS):c.326G>T (p.Cys109Phe),Likely pathogenic,"MONDO:MONDO:0016391,MedGen:C0158981,Orphanet:224",Neonatal diabetes mellitus,single nucleotide variant,HGNC:6081,MALWMRLLPLLALLALWGPDPAAAFVNQHLCGSHLVEALYLVCGERGFFYTPKTRREAEDLQVGQVELGGGPGAGSLQPLALEGSLQKRGIVEQCCTSICSLYQLENYCN,agccctccaggacaggctgcatcagaagaggccatcaagcagatcactgtccttctgccatggccctgtggatgcgcctcctgcccctgctggcgctgctggccctctggggacctgacccagccgcagcctttgtgaaccaacacctgtgcggctcacacctggtggaagctctctacctagtgtgcggggaacgaggcttcttctacacacccaagacccgccgggaggcagaggacctgcaggtggggcaggtggagctgggcgggggccctggtgcaggcagcctgcagcccttggccctggaggggtccctgcagaagcgtggcattgtggaacaatgctgtaccagcatctgctccctctaccagctggagaactactgcaactagacgcagcccgcaggcagccccacacccgccgcctcctgcaccgagagagatggaataaagcccttgaaccagc,C109F,MALWMRLLPLLALLALWGPDPAAAFVNQHLCGSHLVEALYLVCGERGFFYTPKTRREAEDLQVGQVELGGGPGAGSLQPLALEGSLQKRGIVEQCCTSICSLYQLENYFN
NM_000207.3(INS):c.101A>C (p.His34Pro),Likely pathogenic,"MONDO:MONDO:0016391,MedGen:C0158981,Orphanet:224",Neonatal diabetes mellitus,single nucleotide variant,HGNC:6081,MALWMRLLPLLALLALWGPDPAAAFVNQHLCGSHLVEALYLVCGERGFFYTPKTRREAEDLQVGQVELGGGPGAGSLQPLALEGSLQKRGIVEQCCTSICSLYQLENYCN,agccctccaggacaggctgcatcagaagaggccatcaagcagatcactgtccttctgccatggccctgtggatgcgcctcctgcccctgctggcgctgctggccctctggggacctgacccagccgcagcctttgtgaaccaacacctgtgcggctcacacctggtggaagctctctacctagtgtgcggggaacgaggcttcttctacacacccaagacccgccgggaggcagaggacctgcaggtggggcaggtggagctgggcgggggccctggtgcaggcagcctgcagcccttggccctggaggggtccctgcagaagcgtggcattgtggaacaatgctgtaccagcatctgctccctctaccagctggagaactactgcaactagacgcagcccgcaggcagccccacacccgccgcctcctgcaccgagagagatggaataaagcccttgaaccagc,H34P,MALWMRLLPLLALLALWGPDPAAAFVNQHLCGSPLVEALYLVCGERGFFYTPKTRREAEDLQVGQVELGGGPGAGSLQPLALEGSLQKRGIVEQCCTSICSLYQLENYCN
NM_000207.3(INS):c.103C>A (p.Leu35Met),Likely pathogenic,"MONDO:MONDO:0016391,MedGen:C0158981,Orphanet:224",Neonatal diabetes mellitus,single nucleotide variant,HGNC:6081,MALWMRLLPLLALLALWGPDPAAAFVNQHLCGSHLVEALYLVCGERGFFYTPKTRREAEDLQVGQVELGGGPGAGSLQPLALEGSLQKRGIVEQCCTSICSLYQLENYCN,agccctccaggacaggctgcatcagaagaggccatcaagcagatcactgtccttctgccatggccctgtggatgcgcctcctgcccctgctggcgctgctggccctctggggacctgacccagccgcagcctttgtgaaccaacacctgtgcggctcacacctggtggaagctctctacctagtgtgcggggaacgaggcttcttctacacacccaagacccgccgggaggcagaggacctgcaggtggggcaggtggagctgggcgggggccctggtgcaggcagcctgcagcccttggccctggaggggtccctgcagaagcgtggcattgtggaacaatgctgtaccagcatctgctccctctaccagctggagaactactgcaactagacgcagcccgcaggcagccccacacccgccgcctcctgcaccgagagagatggaataaagcccttgaaccagc,L35M,MALWMRLLPLLALLALWGPDPAAAFVNQHLCGSHMVEALYLVCGERGFFYTPKTRREAEDLQVGQVELGGGPGAGSLQPLALEGSLQKRGIVEQCCTSICSLYQLENYCN
NM_000207.3(INS):c.155C>A (p.Pro52His),Uncertain significance,"MONDO:MONDO:0013240,MedGen:C3150617,OMIM:613370,Orphanet:552",Maturity-onset diabetes of the young type 10,single nucleotide variant,HGNC:6081,MALWMRLLPLLALLALWGPDPAAAFVNQHLCGSHLVEALYLVCGERGFFYTPKTRREAEDLQVGQVELGGGPGAGSLQPLALEGSLQKRGIVEQCCTSICSLYQLENYCN,agccctccaggacaggctgcatcagaagaggccatcaagcagatcactgtccttctgccatggccctgtggatgcgcctcctgcccctgctggcgctgctggccctctggggacctgacccagccgcagcctttgtgaaccaacacctgtgcggctcacacctggtggaagctctctacctagtgtgcggggaacgaggcttcttctacacacccaagacccgccgggaggcagaggacctgcaggtggggcaggtggagctgggcgggggccctggtgcaggcagcctgcagcccttggccctggaggggtccctgcagaagcgtggcattgtggaacaatgctgtaccagcatctgctccctctaccagctggagaactactgcaactagacgcagcccgcaggcagccccacacccgccgcctcctgcaccgagagagatggaataaagcccttgaaccagc,P52H,MALWMRLLPLLALLALWGPDPAAAFVNQHLCGSHLVEALYLVCGERGFFYTHKTRREAEDLQVGQVELGGGPGAGSLQPLALEGSLQKRGIVEQCCTSICSLYQLENYCN
NM_000207.3(INS):c.212G>C (p.Gly71Ala),Uncertain significance,MedGen:C3661900,not provided,single nucleotide variant,HGNC:6081,MALWMRLLPLLALLALWGPDPAAAFVNQHLCGSHLVEALYLVCGERGFFYTPKTRREAEDLQVGQVELGGGPGAGSLQPLALEGSLQKRGIVEQCCTSICSLYQLENYCN,agccctccaggacaggctgcatcagaagaggccatcaagcagatcactgtccttctgccatggccctgtggatgcgcctcctgcccctgctggcgctgctggccctctggggacctgacccagccgcagcctttgtgaaccaacacctgtgcggctcacacctggtggaagctctctacctagtgtgcggggaacgaggcttcttctacacacccaagacccgccgggaggcagaggacctgcaggtggggcaggtggagctgggcgggggccctggtgcaggcagcctgcagcccttggccctggaggggtccctgcagaagcgtggcattgtggaacaatgctgtaccagcatctgctccctctaccagctggagaactactgcaactagacgcagcccgcaggcagccccacacccgccgcctcctgcaccgagagagatggaataaagcccttgaaccagc,G71A,MALWMRLLPLLALLALWGPDPAAAFVNQHLCGSHLVEALYLVCGERGFFYTPKTRREAEDLQVGQVELGGAPGAGSLQPLALEGSLQKRGIVEQCCTSICSLYQLENYCN
NM_000207.3(INS):c.29T>A (p.Leu10Gln),Uncertain significance,MedGen:C3661900,not provided,single nucleotide variant,HGNC:6081,MALWMRLLPLLALLALWGPDPAAAFVNQHLCGSHLVEALYLVCGERGFFYTPKTRREAEDLQVGQVELGGGPGAGSLQPLALEGSLQKRGIVEQCCTSICSLYQLENYCN,agccctccaggacaggctgcatcagaagaggccatcaagcagatcactgtccttctgccatggccctgtggatgcgcctcctgcccctgctggcgctgctggccctctggggacctgacccagccgcagcctttgtgaaccaacacctgtgcggctcacacctggtggaagctctctacctagtgtgcggggaacgaggcttcttctacacacccaagacccgccgggaggcagaggacctgcaggtggggcaggtggagctgggcgggggccctggtgcaggcagcctgcagcccttggccctggaggggtccctgcagaagcgtggcattgtggaacaatgctgtaccagcatctgctccctctaccagctggagaactactgcaactagacgcagcccgcaggcagccccacacccgccgcctcctgcaccgagagagatggaataaagcccttgaaccagc,L10Q,MALWMRLLPQLALLALWGPDPAAAFVNQHLCGSHLVEALYLVCGERGFFYTPKTRREAEDLQVGQVELGGGPGAGSLQPLALEGSLQKRGIVEQCCTSICSLYQLENYCN
NM_000207.3(INS):c.155C>G (p.Pro52Arg),Likely pathogenic,"Human Phenotype Ontology:HP:0000857,MedGen:C3278636",Neonatal insulin-dependent diabetes mellitus,single nucleotide variant,HGNC:6081,MALWMRLLPLLALLALWGPDPAAAFVNQHLCGSHLVEALYLVCGERGFFYTPKTRREAEDLQVGQVELGGGPGAGSLQPLALEGSLQKRGIVEQCCTSICSLYQLENYCN,agccctccaggacaggctgcatcagaagaggccatcaagcagatcactgtccttctgccatggccctgtggatgcgcctcctgcccctgctggcgctgctggccctctggggacctgacccagccgcagcctttgtgaaccaacacctgtgcggctcacacctggtggaagctctctacctagtgtgcggggaacgaggcttcttctacacacccaagacccgccgggaggcagaggacctgcaggtggggcaggtggagctgggcgggggccctggtgcaggcagcctgcagcccttggccctggaggggtccctgcagaagcgtggcattgtggaacaatgctgtaccagcatctgctccctctaccagctggagaactactgcaactagacgcagcccgcaggcagccccacacccgccgcctcctgcaccgagagagatggaataaagcccttgaaccagc,P52R,MALWMRLLPLLALLALWGPDPAAAFVNQHLCGSHLVEALYLVCGERGFFYTRKTRREAEDLQVGQVELGGGPGAGSLQPLALEGSLQKRGIVEQCCTSICSLYQLENYCN
NM_000207.3(INS):c.277G>A (p.Glu93Lys),Uncertain significance,MedGen:C3661900,not provided,single nucleotide variant,HGNC:6081,MALWMRLLPLLALLALWGPDPAAAFVNQHLCGSHLVEALYLVCGERGFFYTPKTRREAEDLQVGQVELGGGPGAGSLQPLALEGSLQKRGIVEQCCTSICSLYQLENYCN,agccctccaggacaggctgcatcagaagaggccatcaagcagatcactgtccttctgccatggccctgtggatgcgcctcctgcccctgctggcgctgctggccctctggggacctgacccagccgcagcctttgtgaaccaacacctgtgcggctcacacctggtggaagctctctacctagtgtgcggggaacgaggcttcttctacacacccaagacccgccgggaggcagaggacctgcaggtggggcaggtggagctgggcgggggccctggtgcaggcagcctgcagcccttggccctggaggggtccctgcagaagcgtggcattgtggaacaatgctgtaccagcatctgctccctctaccagctggagaactactgcaactagacgcagcccgcaggcagccccacacccgccgcctcctgcaccgagagagatggaataaagcccttgaaccagc,E93K,MALWMRLLPLLALLALWGPDPAAAFVNQHLCGSHLVEALYLVCGERGFFYTPKTRREAEDLQVGQVELGGGPGAGSLQPLALEGSLQKRGIVKQCCTSICSLYQLENYCN
NM_000207.3(INS):c.194A>G (p.Gln65Arg),Uncertain significance,MedGen:C3661900,not provided,single nucleotide variant,HGNC:6081,MALWMRLLPLLALLALWGPDPAAAFVNQHLCGSHLVEALYLVCGERGFFYTPKTRREAEDLQVGQVELGGGPGAGSLQPLALEGSLQKRGIVEQCCTSICSLYQLENYCN,agccctccaggacaggctgcatcagaagaggccatcaagcagatcactgtccttctgccatggccctgtggatgcgcctcctgcccctgctggcgctgctggccctctggggacctgacccagccgcagcctttgtgaaccaacacctgtgcggctcacacctggtggaagctctctacctagtgtgcggggaacgaggcttcttctacacacccaagacccgccgggaggcagaggacctgcaggtggggcaggtggagctgggcgggggccctggtgcaggcagcctgcagcccttggccctggaggggtccctgcagaagcgtggcattgtggaacaatgctgtaccagcatctgctccctctaccagctggagaactactgcaactagacgcagcccgcaggcagccccacacccgccgcctcctgcaccgagagagatggaataaagcccttgaaccagc,Q65R,MALWMRLLPLLALLALWGPDPAAAFVNQHLCGSHLVEALYLVCGERGFFYTPKTRREAEDLQVGRVELGGGPGAGSLQPLALEGSLQKRGIVEQCCTSICSLYQLENYCN
NM_000207.3(INS):c.299G>A (p.Cys100Tyr),Uncertain significance,MedGen:C3661900,not provided,single nucleotide variant,HGNC:6081,MALWMRLLPLLALLALWGPDPAAAFVNQHLCGSHLVEALYLVCGERGFFYTPKTRREAEDLQVGQVELGGGPGAGSLQPLALEGSLQKRGIVEQCCTSICSLYQLENYCN,agccctccaggacaggctgcatcagaagaggccatcaagcagatcactgtccttctgccatggccctgtggatgcgcctcctgcccctgctggcgctgctggccctctggggacctgacccagccgcagcctttgtgaaccaacacctgtgcggctcacacctggtggaagctctctacctagtgtgcggggaacgaggcttcttctacacacccaagacccgccgggaggcagaggacctgcaggtggggcaggtggagctgggcgggggccctggtgcaggcagcctgcagcccttggccctggaggggtccctgcagaagcgtggcattgtggaacaatgctgtaccagcatctgctccctctaccagctggagaactactgcaactagacgcagcccgcaggcagccccacacccgccgcctcctgcaccgagagagatggaataaagcccttgaaccagc,C100Y,MALWMRLLPLLALLALWGPDPAAAFVNQHLCGSHLVEALYLVCGERGFFYTPKTRREAEDLQVGQVELGGGPGAGSLQPLALEGSLQKRGIVEQCCTSIYSLYQLENYCN
NM_000207.3(INS):c.206G>A (p.Gly69Asp),Uncertain significance,-,INS-related disorder,single nucleotide variant,HGNC:6081,MALWMRLLPLLALLALWGPDPAAAFVNQHLCGSHLVEALYLVCGERGFFYTPKTRREAEDLQVGQVELGGGPGAGSLQPLALEGSLQKRGIVEQCCTSICSLYQLENYCN,agccctccaggacaggctgcatcagaagaggccatcaagcagatcactgtccttctgccatggccctgtggatgcgcctcctgcccctgctggcgctgctggccctctggggacctgacccagccgcagcctttgtgaaccaacacctgtgcggctcacacctggtggaagctctctacctagtgtgcggggaacgaggcttcttctacacacccaagacccgccgggaggcagaggacctgcaggtggggcaggtggagctgggcgggggccctggtgcaggcagcctgcagcccttggccctggaggggtccctgcagaagcgtggcattgtggaacaatgctgtaccagcatctgctccctctaccagctggagaactactgcaactagacgcagcccgcaggcagccccacacccgccgcctcctgcaccgagagagatggaataaagcccttgaaccagc,G69D,MALWMRLLPLLALLALWGPDPAAAFVNQHLCGSHLVEALYLVCGERGFFYTPKTRREAEDLQVGQVELDGGPGAGSLQPLALEGSLQKRGIVEQCCTSICSLYQLENYCN
NM_000207.3(INS):c.136C>T (p.Arg46Ter),Likely pathogenic,-,INS-related disorder,single nucleotide variant,HGNC:6081,MALWMRLLPLLALLALWGPDPAAAFVNQHLCGSHLVEALYLVCGERGFFYTPKTRREAEDLQVGQVELGGGPGAGSLQPLALEGSLQKRGIVEQCCTSICSLYQLENYCN,agccctccaggacaggctgcatcagaagaggccatcaagcagatcactgtccttctgccatggccctgtggatgcgcctcctgcccctgctggcgctgctggccctctggggacctgacccagccgcagcctttgtgaaccaacacctgtgcggctcacacctggtggaagctctctacctagtgtgcggggaacgaggcttcttctacacacccaagacccgccgggaggcagaggacctgcaggtggggcaggtggagctgggcgggggccctggtgcaggcagcctgcagcccttggccctggaggggtccctgcagaagcgtggcattgtggaacaatgctgtaccagcatctgctccctctaccagctggagaactactgcaactagacgcagcccgcaggcagccccacacccgccgcctcctgcaccgagagagatggaataaagcccttgaaccagc,R46,MALWMRLLPLLALLALWGPDPAAAFVNQHLCGSHLVEALYLVCGE.GFFYTPKTRREAEDLQVGQVELGGGPGAGSLQPLALEGSLQKRGIVEQCCTSICSLYQLENYCN
NM_000207.3(INS):c.284G>A (p.Cys95Tyr),Likely pathogenic,-,INS-related disorder,single nucleotide variant,HGNC:6081,MALWMRLLPLLALLALWGPDPAAAFVNQHLCGSHLVEALYLVCGERGFFYTPKTRREAEDLQVGQVELGGGPGAGSLQPLALEGSLQKRGIVEQCCTSICSLYQLENYCN,agccctccaggacaggctgcatcagaagaggccatcaagcagatcactgtccttctgccatggccctgtggatgcgcctcctgcccctgctggcgctgctggccctctggggacctgacccagccgcagcctttgtgaaccaacacctgtgcggctcacacctggtggaagctctctacctagtgtgcggggaacgaggcttcttctacacacccaagacccgccgggaggcagaggacctgcaggtggggcaggtggagctgggcgggggccctggtgcaggcagcctgcagcccttggccctggaggggtccctgcagaagcgtggcattgtggaacaatgctgtaccagcatctgctccctctaccagctggagaactactgcaactagacgcagcccgcaggcagccccacacccgccgcctcctgcaccgagagagatggaataaagcccttgaaccagc,C95Y,MALWMRLLPLLALLALWGPDPAAAFVNQHLCGSHLVEALYLVCGERGFFYTPKTRREAEDLQVGQVELGGGPGAGSLQPLALEGSLQKRGIVEQYCTSICSLYQLENYCN
NM_000207.3(INS):c.104T>A (p.Leu35Gln),Likely risk allele,"MONDO:MONDO:0030089,MedGen:C5394307,OMIM:618858","Diabetes mellitus, permanent neonatal 4",single nucleotide variant,HGNC:6081,MALWMRLLPLLALLALWGPDPAAAFVNQHLCGSHLVEALYLVCGERGFFYTPKTRREAEDLQVGQVELGGGPGAGSLQPLALEGSLQKRGIVEQCCTSICSLYQLENYCN,agccctccaggacaggctgcatcagaagaggccatcaagcagatcactgtccttctgccatggccctgtggatgcgcctcctgcccctgctggcgctgctggccctctggggacctgacccagccgcagcctttgtgaaccaacacctgtgcggctcacacctggtggaagctctctacctagtgtgcggggaacgaggcttcttctacacacccaagacccgccgggaggcagaggacctgcaggtggggcaggtggagctgggcgggggccctggtgcaggcagcctgcagcccttggccctggaggggtccctgcagaagcgtggcattgtggaacaatgctgtaccagcatctgctccctctaccagctggagaactactgcaactagacgcagcccgcaggcagccccacacccgccgcctcctgcaccgagagagatggaataaagcccttgaaccagc,L35Q,MALWMRLLPLLALLALWGPDPAAAFVNQHLCGSHQVEALYLVCGERGFFYTPKTRREAEDLQVGQVELGGGPGAGSLQPLALEGSLQKRGIVEQCCTSICSLYQLENYCN
NM_000207.3(INS):c.316_318del (p.Glu106del),Uncertain significance,MedGen:C3661900,not provided,Deletion,HGNC:6081,MALWMRLLPLLALLALWGPDPAAAFVNQHLCGSHLVEALYLVCGERGFFYTPKTRREAEDLQVGQVELGGGPGAGSLQPLALEGSLQKRGIVEQCCTSICSLYQLENYCN,agccctccaggacaggctgcatcagaagaggccatcaagcagatcactgtccttctgccatggccctgtggatgcgcctcctgcccctgctggcgctgctggccctctggggacctgacccagccgcagcctttgtgaaccaacacctgtgcggctcacacctggtggaagctctctacctagtgtgcggggaacgaggcttcttctacacacccaagacccgccgggaggcagaggacctgcaggtggggcaggtggagctgggcgggggccctggtgcaggcagcctgcagcccttggccctggaggggtccctgcagaagcgtggcattgtggaacaatgctgtaccagcatctgctccctctaccagctggagaactactgcaactagacgcagcccgcaggcagccccacacccgccgcctcctgcaccgagagagatggaataaagcccttgaaccagc,E106del,SPPGQAASEEAIKQITVLLPWPCGCASCPCWRCWPSGDLTQPQPL
NM_000207.3(INS):c.272T>C (p.Ile91Thr),Uncertain significance,MedGen:C3661900,not provided,single nucleotide variant,HGNC:6081,MALWMRLLPLLALLALWGPDPAAAFVNQHLCGSHLVEALYLVCGERGFFYTPKTRREAEDLQVGQVELGGGPGAGSLQPLALEGSLQKRGIVEQCCTSICSLYQLENYCN,agccctccaggacaggctgcatcagaagaggccatcaagcagatcactgtccttctgccatggccctgtggatgcgcctcctgcccctgctggcgctgctggccctctggggacctgacccagccgcagcctttgtgaaccaacacctgtgcggctcacacctggtggaagctctctacctagtgtgcggggaacgaggcttcttctacacacccaagacccgccgggaggcagaggacctgcaggtggggcaggtggagctgggcgggggccctggtgcaggcagcctgcagcccttggccctggaggggtccctgcagaagcgtggcattgtggaacaatgctgtaccagcatctgctccctctaccagctggagaactactgcaactagacgcagcccgcaggcagccccacacccgccgcctcctgcaccgagagagatggaataaagcccttgaaccagc,I91T,MALWMRLLPLLALLALWGPDPAAAFVNQHLCGSHLVEALYLVCGERGFFYTPKTRREAEDLQVGQVELGGGPGAGSLQPLALEGSLQKRGTVEQCCTSICSLYQLENYCN
NM_000207.3(INS):c.317A>T (p.Glu106Val),Uncertain significance,MedGen:C3661900,not provided,single nucleotide variant,HGNC:6081,MALWMRLLPLLALLALWGPDPAAAFVNQHLCGSHLVEALYLVCGERGFFYTPKTRREAEDLQVGQVELGGGPGAGSLQPLALEGSLQKRGIVEQCCTSICSLYQLENYCN,agccctccaggacaggctgcatcagaagaggccatcaagcagatcactgtccttctgccatggccctgtggatgcgcctcctgcccctgctggcgctgctggccctctggggacctgacccagccgcagcctttgtgaaccaacacctgtgcggctcacacctggtggaagctctctacctagtgtgcggggaacgaggcttcttctacacacccaagacccgccgggaggcagaggacctgcaggtggggcaggtggagctgggcgggggccctggtgcaggcagcctgcagcccttggccctggaggggtccctgcagaagcgtggcattgtggaacaatgctgtaccagcatctgctccctctaccagctggagaactactgcaactagacgcagcccgcaggcagccccacacccgccgcctcctgcaccgagagagatggaataaagcccttgaaccagc,E106V,MALWMRLLPLLALLALWGPDPAAAFVNQHLCGSHLVEALYLVCGERGFFYTPKTRREAEDLQVGQVELGGGPGAGSLQPLALEGSLQKRGIVEQCCTSICSLYQLVNYCN
NM_000207.3(INS):c.15G>A (p.Met5Ile),Uncertain significance,MedGen:C3661900,not provided,single nucleotide variant,HGNC:6081,MALWMRLLPLLALLALWGPDPAAAFVNQHLCGSHLVEALYLVCGERGFFYTPKTRREAEDLQVGQVELGGGPGAGSLQPLALEGSLQKRGIVEQCCTSICSLYQLENYCN,agccctccaggacaggctgcatcagaagaggccatcaagcagatcactgtccttctgccatggccctgtggatgcgcctcctgcccctgctggcgctgctggccctctggggacctgacccagccgcagcctttgtgaaccaacacctgtgcggctcacacctggtggaagctctctacctagtgtgcggggaacgaggcttcttctacacacccaagacccgccgggaggcagaggacctgcaggtggggcaggtggagctgggcgggggccctggtgcaggcagcctgcagcccttggccctggaggggtccctgcagaagcgtggcattgtggaacaatgctgtaccagcatctgctccctctaccagctggagaactactgcaactagacgcagcccgcaggcagccccacacccgccgcctcctgcaccgagagagatggaataaagcccttgaaccagc,M5I,MALWIRLLPLLALLALWGPDPAAAFVNQHLCGSHLVEALYLVCGERGFFYTPKTRREAEDLQVGQVELGGGPGAGSLQPLALEGSLQKRGIVEQCCTSICSLYQLENYCN
NM_000207.3(INS):c.224G>A (p.Gly75Asp),Likely benign,-,INS-related disorder,single nucleotide variant,HGNC:6081,MALWMRLLPLLALLALWGPDPAAAFVNQHLCGSHLVEALYLVCGERGFFYTPKTRREAEDLQVGQVELGGGPGAGSLQPLALEGSLQKRGIVEQCCTSICSLYQLENYCN,agccctccaggacaggctgcatcagaagaggccatcaagcagatcactgtccttctgccatggccctgtggatgcgcctcctgcccctgctggcgctgctggccctctggggacctgacccagccgcagcctttgtgaaccaacacctgtgcggctcacacctggtggaagctctctacctagtgtgcggggaacgaggcttcttctacacacccaagacccgccgggaggcagaggacctgcaggtggggcaggtggagctgggcgggggccctggtgcaggcagcctgcagcccttggccctggaggggtccctgcagaagcgtggcattgtggaacaatgctgtaccagcatctgctccctctaccagctggagaactactgcaactagacgcagcccgcaggcagccccacacccgccgcctcctgcaccgagagagatggaataaagcccttgaaccagc,G75D,MALWMRLLPLLALLALWGPDPAAAFVNQHLCGSHLVEALYLVCGERGFFYTPKTRREAEDLQVGQVELGGGPGADSLQPLALEGSLQKRGIVEQCCTSICSLYQLENYCN
