Protein1,Protein2,TMalign_Output
canonical,canonical,"
 **************************************************************************
 *                        TM-align (Version 20170708)                     *
 * An algorithm for protein structure alignment and comparison            *
 * Based on statistics:                                                   *
 *       0.0 < TM-score < 0.30, random structural similarity              *
 *       0.5 < TM-score < 1.00, in about the same fold                    *
 * Reference: Y Zhang and J Skolnick, Nucl Acids Res 33, 2302-9 (2005)    *
 * Please email your comments and suggestions to: zhng@umich.edu          *
 **************************************************************************

Name of Chain_1: output/TMSB15A/canonical/isoform_relaxed_averaged_
Name of Chain_2: output/TMSB15A/canonical/isoform_relaxed_averaged_
Length of Chain_1:   45 residues
Length of Chain_2:   45 residues

Aligned length=   45, RMSD=   0.00, Seq_ID=n_identical/n_aligned= 1.000
TM-score= 1.00000 (if normalized by length of Chain_1)
TM-score= 1.00000 (if normalized by length of Chain_2)
(You should use TM-score normalized by length of the reference protein)

("":"" denotes aligned residue pairs of d < 5.0 A, ""."" denotes other aligned residues)
MSDKPDLSEVEKFDRSKLKKTNTEEKNTLPSKETIQQEKECVQTS
:::::::::::::::::::::::::::::::::::::::::::::
MSDKPDLSEVEKFDRSKLKKTNTEEKNTLPSKETIQQEKECVQTS

"
canonical,NM_021992.3_TMSB15A_c.108G-T_p.Gln36His,"
 **************************************************************************
 *                        TM-align (Version 20170708)                     *
 * An algorithm for protein structure alignment and comparison            *
 * Based on statistics:                                                   *
 *       0.0 < TM-score < 0.30, random structural similarity              *
 *       0.5 < TM-score < 1.00, in about the same fold                    *
 * Reference: Y Zhang and J Skolnick, Nucl Acids Res 33, 2302-9 (2005)    *
 * Please email your comments and suggestions to: zhng@umich.edu          *
 **************************************************************************

Name of Chain_1: output/TMSB15A/canonical/isoform_relaxed_averaged_
Name of Chain_2: output/TMSB15A/NM_021992.3_TMSB15A_c.108G-T_p.Gln3
Length of Chain_1:   45 residues
Length of Chain_2:   45 residues

Aligned length=   45, RMSD=   1.33, Seq_ID=n_identical/n_aligned= 0.978
TM-score= 0.76256 (if normalized by length of Chain_1)
TM-score= 0.76256 (if normalized by length of Chain_2)
(You should use TM-score normalized by length of the reference protein)

("":"" denotes aligned residue pairs of d < 5.0 A, ""."" denotes other aligned residues)
MSDKPDLSEVEKFDRSKLKKTNTEEKNTLPSKETIQQEKECVQTS
:::::::::::::::::::::::::::::::::::::::::::::
MSDKPDLSEVEKFDRSKLKKTNTEEKNTLPSKETIHQEKECVQTS

"
NM_021992.3_TMSB15A_c.108G-T_p.Gln36His,canonical,"
 **************************************************************************
 *                        TM-align (Version 20170708)                     *
 * An algorithm for protein structure alignment and comparison            *
 * Based on statistics:                                                   *
 *       0.0 < TM-score < 0.30, random structural similarity              *
 *       0.5 < TM-score < 1.00, in about the same fold                    *
 * Reference: Y Zhang and J Skolnick, Nucl Acids Res 33, 2302-9 (2005)    *
 * Please email your comments and suggestions to: zhng@umich.edu          *
 **************************************************************************

Name of Chain_1: output/TMSB15A/NM_021992.3_TMSB15A_c.108G-T_p.Gln3
Name of Chain_2: output/TMSB15A/canonical/isoform_relaxed_averaged_
Length of Chain_1:   45 residues
Length of Chain_2:   45 residues

Aligned length=   45, RMSD=   1.33, Seq_ID=n_identical/n_aligned= 0.978
TM-score= 0.76256 (if normalized by length of Chain_1)
TM-score= 0.76256 (if normalized by length of Chain_2)
(You should use TM-score normalized by length of the reference protein)

("":"" denotes aligned residue pairs of d < 5.0 A, ""."" denotes other aligned residues)
MSDKPDLSEVEKFDRSKLKKTNTEEKNTLPSKETIHQEKECVQTS
:::::::::::::::::::::::::::::::::::::::::::::
MSDKPDLSEVEKFDRSKLKKTNTEEKNTLPSKETIQQEKECVQTS

"
NM_021992.3_TMSB15A_c.108G-T_p.Gln36His,NM_021992.3_TMSB15A_c.108G-T_p.Gln36His,"
 **************************************************************************
 *                        TM-align (Version 20170708)                     *
 * An algorithm for protein structure alignment and comparison            *
 * Based on statistics:                                                   *
 *       0.0 < TM-score < 0.30, random structural similarity              *
 *       0.5 < TM-score < 1.00, in about the same fold                    *
 * Reference: Y Zhang and J Skolnick, Nucl Acids Res 33, 2302-9 (2005)    *
 * Please email your comments and suggestions to: zhng@umich.edu          *
 **************************************************************************

Name of Chain_1: output/TMSB15A/NM_021992.3_TMSB15A_c.108G-T_p.Gln3
Name of Chain_2: output/TMSB15A/NM_021992.3_TMSB15A_c.108G-T_p.Gln3
Length of Chain_1:   45 residues
Length of Chain_2:   45 residues

Aligned length=   45, RMSD=   0.00, Seq_ID=n_identical/n_aligned= 1.000
TM-score= 1.00000 (if normalized by length of Chain_1)
TM-score= 1.00000 (if normalized by length of Chain_2)
(You should use TM-score normalized by length of the reference protein)

("":"" denotes aligned residue pairs of d < 5.0 A, ""."" denotes other aligned residues)
MSDKPDLSEVEKFDRSKLKKTNTEEKNTLPSKETIHQEKECVQTS
:::::::::::::::::::::::::::::::::::::::::::::
MSDKPDLSEVEKFDRSKLKKTNTEEKNTLPSKETIHQEKECVQTS

"
