data,ClinicalSignificance,PhenotypeIDS,PhenotypeList,Type,HGNC_ID,WTpSeq,WTcSeq,Mutation,MUTpSeq,comparison,chain1,chain2,chain1_length,chain2_length,aligned_length,rmsd,identical/aligned
NM_181620.2(KRTAP22-1):c.23A>G (p.His8Arg),Uncertain significance,MedGen:CN169374,not specified,single nucleotide variant,HGNC:18947,MSFDNNYHGGQGYAKGGLGCSYGCGLSGYGYACYCPWCYERSWFSGCF,ctgctatacaactgagcctacctttcttgaaaccatgagctttgataacaactaccatggtggccagggctatgccaaaggaggcctgggctgcagctatggctgtggtcttagcggctatggctatgcctgctactgcccatggtgttatgaaagatcttggttttctggctgcttctgagaaattagagattgctgatctgtttaggccattctcttatgagctatgttttcttcccgtgtttttttctgttcaaagagtgacaactaaaatttagcccacattgccaagtcag,H8R,MSFDNNYRGGQGYAKGGLGCSYGCGLSGYGYACYCPWCYERSWFSGCF,"("":"" denotes aligned residue pairs of d < 5.0 A, ""."" denotes other aligned residues)
MSF-------DNNYHGGQGYAKGGLGC--------SYGCGLSGYGYACYCPWCYERSWFSGCF
          .:::.                    .:::::::::::::::::::::::::..
---MSFDNNYRGGQG------------YAKGGLGCSYGCGLSGYGYACYCPWCYERSWFSGCF",output/KRTAP22-1/canonical/isoform_relaxed_averaged_rotated.pdb,output/KRTAP22-1/NM_181620.2_KRTAP22-1_c.23A-G_p.His8Arg/isoform_relaxed_averaged_rotated.pdb,48,48,33.0,3.39,0.848
NM_181620.2(KRTAP22-1):c.55G>A (p.Gly19Ser),Uncertain significance,MedGen:CN169374,not specified,single nucleotide variant,HGNC:18947,MSFDNNYHGGQGYAKGGLGCSYGCGLSGYGYACYCPWCYERSWFSGCF,ctgctatacaactgagcctacctttcttgaaaccatgagctttgataacaactaccatggtggccagggctatgccaaaggaggcctgggctgcagctatggctgtggtcttagcggctatggctatgcctgctactgcccatggtgttatgaaagatcttggttttctggctgcttctgagaaattagagattgctgatctgtttaggccattctcttatgagctatgttttcttcccgtgtttttttctgttcaaagagtgacaactaaaatttagcccacattgccaagtcag,G19S,MSFDNNYHGGQGYAKGGLSCSYGCGLSGYGYACYCPWCYERSWFSGCF,"("":"" denotes aligned residue pairs of d < 5.0 A, ""."" denotes other aligned residues)
MSFDNNYHGGQGY--------------AKGGLGCSYGCGLSGYGYACYCPWCYERSWFSGCF--
                           .:::.::::: :::::::::::::::::  :::::  
-------------MSFDNNYHGGQGYAKGGLSCSYGC-GLSGYGYACYCPWCYER--SWFSGCF",output/KRTAP22-1/canonical/isoform_relaxed_averaged_rotated.pdb,output/KRTAP22-1/NM_181620.2_KRTAP22-1_c.55G-A_p.Gly19Ser/isoform_relaxed_averaged_rotated.pdb,48,48,32.0,2.51,0.562
NM_181620.2(KRTAP22-1):c.113G>T (p.Cys38Phe),Uncertain significance,MedGen:CN169374,not specified,single nucleotide variant,HGNC:18947,MSFDNNYHGGQGYAKGGLGCSYGCGLSGYGYACYCPWCYERSWFSGCF,ctgctatacaactgagcctacctttcttgaaaccatgagctttgataacaactaccatggtggccagggctatgccaaaggaggcctgggctgcagctatggctgtggtcttagcggctatggctatgcctgctactgcccatggtgttatgaaagatcttggttttctggctgcttctgagaaattagagattgctgatctgtttaggccattctcttatgagctatgttttcttcccgtgtttttttctgttcaaagagtgacaactaaaatttagcccacattgccaagtcag,C38F,MSFDNNYHGGQGYAKGGLGCSYGCGLSGYGYACYCPWFYERSWFSGCF,"("":"" denotes aligned residue pairs of d < 5.0 A, ""."" denotes other aligned residues)
--MSFDNNYHGGQGYAKGGLGCSYGCGLSGYGYACYCPWCYERSWFSGCF--
  .....::.:::::: :: :::::::::::::::::::::: :::::.   
MSFDNNYHGGQGYAKG-GL-GCSYGCGLSGYGYACYCPWFYE-RSWFSG-CF",output/KRTAP22-1/canonical/isoform_relaxed_averaged_rotated.pdb,output/KRTAP22-1/NM_181620.2_KRTAP22-1_c.113G-T_p.Cys38Phe/isoform_relaxed_averaged_rotated.pdb,48,48,44.0,3.37,0.523
