,data,ClinicalSignificance,PhenotypeIDS,PhenotypeList,Type,HGNC_ID,WTpSeq,WTcSeq,Mutation,MUTpSeq,comparison,chain1,chain2,chain1_length,chain2_length,aligned_length,rmsd,identical/aligned
4,NM_001048.4(SST):c.178C>T (p.Pro60Ser),Uncertain significance,MedGen:CN169374,not specified,single nucleotide variant,HGNC:11329,MLSCRLQCALAALSIVLALGCVTGAPSDPRLRQFLQKSLAAAAGKQELAKYFLAELLSEPNQTENDALEPEDLSQAAEQDEMRLELQRSANSNPAMAPRERKAGCKNFFWKTFTSC,acaagccgctttaggagcgaggttcggagccatcgctgctgcctgctgatccgcgcctagagtttgaccagccactctccagctcggctttcgcggcgccgagatgctgtcctgccgcctccagtgcgcgctggctgcgctgtccatcgtcctggccctgggctgtgtcaccggcgctccctcggaccccagactccgtcagtttctgcagaagtccctggctgctgccgcggggaagcaggaactggccaagtacttcttggcagagctgctgtctgaacccaaccagacggagaatgatgccctggaacctgaagatctgtcccaggctgctgagcaggatgaaatgaggcttgagctgcagagatctgctaactcaaacccggctatggcaccccgagaacgcaaagctggctgcaagaatttcttctggaagactttcacatcctgttagctttcttaactagtattgtccatatcagacctctgatccctcgcccccacaccccatctctcttccctaatcctccaagtcttcagcgagacccttgcattagaaactgaaaactgtaaatacaaaataaaattatggtgaaattatgaaaaa,P60S,MLSCRLQCALAALSIVLALGCVTGAPSDPRLRQFLQKSLAAAAGKQELAKYFLAELLSESNQTENDALEPEDLSQAAEQDEMRLELQRSANSNPAMAPRERKAGCKNFFWKTFTSC,"("":"" denotes aligned residue pairs of d < 5.0 A, ""."" denotes other aligned residues)
ML-SCRLQCALAALSIVLALGC-VT-GAPSD-PRLRQFLQKSLAAAAGKQELAKYFLAELLSEP-NQTENDALEPEDLSQAAEQDEMRLELQRSANSNPAMAPRERKAGCKNFFWKTFTSC-------------------
.. ....: ::.:::::::::: :: .:::: .::::::::::::::::::::::::::::::: :: ::...:.:::::::::::::::::: ::.::.                                        
MLSCRLQC-ALAALSIVLALGCVTGAPSDPRLRQFLQKSLAAAAGKQELAKYFLAELLSESNQTEND-ALEPEDLSQAAEQDEMRLELQRSAN-SNPAMA---------------------PRERKAGCKNFFWKTFTSC",output/SST/canonical/isoform_relaxed_averaged_rotated.pdb,output/SST/NM_001048.4_SST_c.178C-T_p.Pro60Ser/isoform_relaxed_averaged_rotated.pdb,116,116,92.0,3.77,0.239
3,NM_001048.4(SST):c.221C>T (p.Ser74Phe),Uncertain significance,MedGen:CN169374,not specified,single nucleotide variant,HGNC:11329,MLSCRLQCALAALSIVLALGCVTGAPSDPRLRQFLQKSLAAAAGKQELAKYFLAELLSEPNQTENDALEPEDLSQAAEQDEMRLELQRSANSNPAMAPRERKAGCKNFFWKTFTSC,acaagccgctttaggagcgaggttcggagccatcgctgctgcctgctgatccgcgcctagagtttgaccagccactctccagctcggctttcgcggcgccgagatgctgtcctgccgcctccagtgcgcgctggctgcgctgtccatcgtcctggccctgggctgtgtcaccggcgctccctcggaccccagactccgtcagtttctgcagaagtccctggctgctgccgcggggaagcaggaactggccaagtacttcttggcagagctgctgtctgaacccaaccagacggagaatgatgccctggaacctgaagatctgtcccaggctgctgagcaggatgaaatgaggcttgagctgcagagatctgctaactcaaacccggctatggcaccccgagaacgcaaagctggctgcaagaatttcttctggaagactttcacatcctgttagctttcttaactagtattgtccatatcagacctctgatccctcgcccccacaccccatctctcttccctaatcctccaagtcttcagcgagacccttgcattagaaactgaaaactgtaaatacaaaataaaattatggtgaaattatgaaaaa,S74F,MLSCRLQCALAALSIVLALGCVTGAPSDPRLRQFLQKSLAAAAGKQELAKYFLAELLSEPNQTENDALEPEDLFQAAEQDEMRLELQRSANSNPAMAPRERKAGCKNFFWKTFTSC,"("":"" denotes aligned residue pairs of d < 5.0 A, ""."" denotes other aligned residues)
MLSCRLQCALAALSIVLALGCVTG-APSDP-R-LRQ-FLQKSLAAAAGKQELAKYFLAELLSEPNQTENDALEPEDLSQAAEQDEMRLELQRSA-NSNP--AMAPR-ERKAGCKNFFWKTFTSC--
   .:: ::::::::::::::::: ::::: : ..: ::::::::::::::::::::::::::::::::::::..::::::::::::::::::. :..   .:... ..:: :.:    .::::  
---MLS-CRLQCALAALSIVLALGCVTGAPSDPRLRQFLQKSLAAAAGKQELAKYFLAELLSEPNQTENDALEPEDLFQAAEQDEMRLELQRSANSNP-AMAPRERKAGCK-NFF----WKTFTSC",output/SST/canonical/isoform_relaxed_averaged_rotated.pdb,output/SST/NM_001048.4_SST_c.221C-T_p.Ser74Phe/isoform_relaxed_averaged_rotated.pdb,116,116,106.0,3.57,0.604
2,NM_001048.4(SST):c.79T>C (p.Ser27Pro),Uncertain significance,MedGen:CN169374,not specified,single nucleotide variant,HGNC:11329,MLSCRLQCALAALSIVLALGCVTGAPSDPRLRQFLQKSLAAAAGKQELAKYFLAELLSEPNQTENDALEPEDLSQAAEQDEMRLELQRSANSNPAMAPRERKAGCKNFFWKTFTSC,acaagccgctttaggagcgaggttcggagccatcgctgctgcctgctgatccgcgcctagagtttgaccagccactctccagctcggctttcgcggcgccgagatgctgtcctgccgcctccagtgcgcgctggctgcgctgtccatcgtcctggccctgggctgtgtcaccggcgctccctcggaccccagactccgtcagtttctgcagaagtccctggctgctgccgcggggaagcaggaactggccaagtacttcttggcagagctgctgtctgaacccaaccagacggagaatgatgccctggaacctgaagatctgtcccaggctgctgagcaggatgaaatgaggcttgagctgcagagatctgctaactcaaacccggctatggcaccccgagaacgcaaagctggctgcaagaatttcttctggaagactttcacatcctgttagctttcttaactagtattgtccatatcagacctctgatccctcgcccccacaccccatctctcttccctaatcctccaagtcttcagcgagacccttgcattagaaactgaaaactgtaaatacaaaataaaattatggtgaaattatgaaaaa,S27P,MLSCRLQCALAALSIVLALGCVTGAPPDPRLRQFLQKSLAAAAGKQELAKYFLAELLSEPNQTENDALEPEDLSQAAEQDEMRLELQRSANSNPAMAPRERKAGCKNFFWKTFTSC,"("":"" denotes aligned residue pairs of d < 5.0 A, ""."" denotes other aligned residues)
MLSCRLQCALAALSIVLALGCVTGAPSDPRLRQFLQKSLAAAAGKQELAKYFLAELLSEPNQTENDALEPEDLSQAAEQDEMRLELQRSANSNPAMAPRERKAGCKNFFWKTFTSC
::::::::::::::::::::::::::::::::::::::::::::::::::::::::::::::::::.::::::::::::::::::::::::::::::::::::::::....:::::
MLSCRLQCALAALSIVLALGCVTGAPPDPRLRQFLQKSLAAAAGKQELAKYFLAELLSEPNQTENDALEPEDLSQAAEQDEMRLELQRSANSNPAMAPRERKAGCKNFFWKTFTSC",output/SST/canonical/isoform_relaxed_averaged_rotated.pdb,output/SST/NM_001048.4_SST_c.79T-C_p.Ser27Pro/isoform_relaxed_averaged_rotated.pdb,116,116,116.0,2.67,0.991
1,NM_001048.4(SST):c.127G>T (p.Ala43Ser),Uncertain significance,MedGen:CN169374,not specified,single nucleotide variant,HGNC:11329,MLSCRLQCALAALSIVLALGCVTGAPSDPRLRQFLQKSLAAAAGKQELAKYFLAELLSEPNQTENDALEPEDLSQAAEQDEMRLELQRSANSNPAMAPRERKAGCKNFFWKTFTSC,acaagccgctttaggagcgaggttcggagccatcgctgctgcctgctgatccgcgcctagagtttgaccagccactctccagctcggctttcgcggcgccgagatgctgtcctgccgcctccagtgcgcgctggctgcgctgtccatcgtcctggccctgggctgtgtcaccggcgctccctcggaccccagactccgtcagtttctgcagaagtccctggctgctgccgcggggaagcaggaactggccaagtacttcttggcagagctgctgtctgaacccaaccagacggagaatgatgccctggaacctgaagatctgtcccaggctgctgagcaggatgaaatgaggcttgagctgcagagatctgctaactcaaacccggctatggcaccccgagaacgcaaagctggctgcaagaatttcttctggaagactttcacatcctgttagctttcttaactagtattgtccatatcagacctctgatccctcgcccccacaccccatctctcttccctaatcctccaagtcttcagcgagacccttgcattagaaactgaaaactgtaaatacaaaataaaattatggtgaaattatgaaaaa,A43S,MLSCRLQCALAALSIVLALGCVTGAPSDPRLRQFLQKSLAAASGKQELAKYFLAELLSEPNQTENDALEPEDLSQAAEQDEMRLELQRSANSNPAMAPRERKAGCKNFFWKTFTSC,"("":"" denotes aligned residue pairs of d < 5.0 A, ""."" denotes other aligned residues)
-M--LSCRLQCALAALSIVLALGCVTGAPSDPRLRQFLQKSLAAAAGKQELAKYFLAELLSEPNQTENDALEPEDLSQAAEQDEMRLELQRSANSNPAMAPRERKAGCKNF---FWKTFTSC
 .  .:...:..:...:...:..::.:::..  .: .:::::::::::::::::::::::::::::::::::::::::::::::::::::::::::: ::::.:.::.:.:   :::. .. 
MLSCRLQCALAALSIVLALGCVTGAPSDPRL--RQ-FLQKSLAAASGKQELAKYFLAELLSEPNQTENDALEPEDLSQAAEQDEMRLELQRSANSNP-AMAPRERKAGCKNFFWKTFT-SC-",output/SST/canonical/isoform_relaxed_averaged_rotated.pdb,output/SST/NM_001048.4_SST_c.127G-T_p.Ala43Ser/isoform_relaxed_averaged_rotated.pdb,116,116,110.0,3.93,0.582
0,NM_001048.4(SST):c.182A>C (p.Asn61Thr),Benign,MedGen:C3661900,not provided,single nucleotide variant,HGNC:11329,MLSCRLQCALAALSIVLALGCVTGAPSDPRLRQFLQKSLAAAAGKQELAKYFLAELLSEPNQTENDALEPEDLSQAAEQDEMRLELQRSANSNPAMAPRERKAGCKNFFWKTFTSC,acaagccgctttaggagcgaggttcggagccatcgctgctgcctgctgatccgcgcctagagtttgaccagccactctccagctcggctttcgcggcgccgagatgctgtcctgccgcctccagtgcgcgctggctgcgctgtccatcgtcctggccctgggctgtgtcaccggcgctccctcggaccccagactccgtcagtttctgcagaagtccctggctgctgccgcggggaagcaggaactggccaagtacttcttggcagagctgctgtctgaacccaaccagacggagaatgatgccctggaacctgaagatctgtcccaggctgctgagcaggatgaaatgaggcttgagctgcagagatctgctaactcaaacccggctatggcaccccgagaacgcaaagctggctgcaagaatttcttctggaagactttcacatcctgttagctttcttaactagtattgtccatatcagacctctgatccctcgcccccacaccccatctctcttccctaatcctccaagtcttcagcgagacccttgcattagaaactgaaaactgtaaatacaaaataaaattatggtgaaattatgaaaaa,N61T,MLSCRLQCALAALSIVLALGCVTGAPSDPRLRQFLQKSLAAAAGKQELAKYFLAELLSEPTQTENDALEPEDLSQAAEQDEMRLELQRSANSNPAMAPRERKAGCKNFFWKTFTSC,"("":"" denotes aligned residue pairs of d < 5.0 A, ""."" denotes other aligned residues)
MLSCRLQCALAALSIVLALGCVTGAPSDPRLRQFLQKSLAAAAGKQELAKYFLAELLSEPNQTENDALEPEDLSQAAEQDEMRLELQRSANSNPAMAPRERK-AGCKNFFWKTFTSC-
::::::::::::::::::::::::::::::::::::::::::::::::::::::::::::::::::........:::::::::::::::::::::::::::: ::::::: . :::: 
MLSCRLQCALAALSIVLALGCVTGAPSDPRLRQFLQKSLAAAAGKQELAKYFLAELLSEPTQTENDALEPEDLSQAAEQDEMRLELQRSANSNPAMAPRERKAGCKNFFW-K-TFTSC",output/SST/canonical/isoform_relaxed_averaged_rotated.pdb,output/SST/NM_001048.4_SST_c.182A-C_p.Asn61Thr/isoform_relaxed_averaged_rotated.pdb,116,116,114.0,2.59,0.904
